nicholas73,travis33@gmail.com,$7VxTR,0514b0bde96dddc8ab105d8720c96157
daniel14,palmerjasmine@gmail.com,*1uZtp,47e6630e24bc6f804adff0064dd3acc4
liuchristopher,jwilliams@yahoo.com,S%2CTy,ced7d70ad7350db1086cabb814a3df42
changnancy,nphillips@gmail.com,_4ViPg,bf5a4f0b48f25b2ae1927e0d87a93344
miguelheath,tammiecross@yahoo.com,$Y8T%e,079b5e4a3361441fa3acf23636284068
taranixon,agarrett@hotmail.com,S#v2Bb,ac3598aba56687f60adc213aca62f18a
keith87,doylerachel@hotmail.com,Fe*1Rg,b9b55b1439db7d05434bb1bf79b4f3c0
melaniebarajas,melissa01@gmail.com,(ps7Te,93d4a995d4f0f23feff79250493dc9b1
kathleensteele,mccallelizabeth@yahoo.com,#T7Oqs,addfdd03889baa8e4a30a1fbd189b846
qlowery,toddmills@hotmail.com,%4(EAa,b6fef51e0673a3f516d96cea7c0c5077
cbarton,gary74@gmail.com,_5OCvv,248ae7e48b1ca27ab9619a3698973c3e
singletondavid,hcampbell@gmail.com,!9TFbs,58df6348d4178040b4b72842433aeaf1
robin05,zachary74@gmail.com,+B2Gdi,86e875f92ee2e94ec14418c12eb72543
aaron05,wrighttara@hotmail.com,_8HYfQ,3c5836e0e35a3f12e16dae73ace6f9ea
gregory07,rebeccaadams@yahoo.com,^7Xf7R,4a743a105c6719ef2291bec5c5521b9f
jasmine00,ahenderson@yahoo.com,)1pHhP,6356e688c6c89ad9e2266b1fe83522ef
ucollins,hugheskristin@gmail.com,$8ukEc,aa25771a1a2973343ba9d7f8f28ea569
sturner,emily58@gmail.com,^7PuYx,db3a02102c807f726f0c3d4c9f6aa89a
diazkathleen,foxantonio@hotmail.com,+4NRnO,fd8cca21923744038a59718be9a9fd62
debra59,phillipskenneth@yahoo.com,*1YIrx,ce7f0ce2e263f31dee2eb987617f62a6
jenkinsjoseph,davislaura@gmail.com,!q1XjZ,b25100f2de914e36a25e228b1e5af7ca
jonesmargaret,dennissimmons@hotmail.com,(3!9Uh,99b522d15a0b60b6ef11394f1ef57ae4
iwerner,andrew15@gmail.com,@8CGFo,8878d8911dcce3c5c59459b2a5939da2
afrey,rcummings@hotmail.com,$5DADs,e9e8fdb3292e2585fca0e3a82caab148
smithdavid,rachel28@yahoo.com,!6WuSx,da30c2af0f4058e0b28d6bee6a63127e
uvasquez,vfox@gmail.com,_3yGrU,47e7164448d442121306ec896759157c
brucecarl,beth89@hotmail.com,+26KXu,a08c3e767e8487e36bcfaf6fc76d074d
cdalton,john66@hotmail.com,!0WZxC,46aa5dbc1a03c8a5923004b03f14943d
charlespaul,qanderson@gmail.com,U#04Ur,30a37b05dc1fe5320ee9baaaa66e26fe
gomezwilliam,fjenkins@yahoo.com,*O1H1l,fa94f6c7941478518f81b757801aa4ee
colonangela,joneselizabeth@gmail.com,&2qX+y,3099e4e6811e008026c7407938eea806
allen67,imiller@hotmail.com,&V6Yoq,5a8a6a798801064c5a298a1a21351893
smithjesus,stephanie09@yahoo.com,($d3Uy,83e873a779d80b9b00da4383d8142da9
eorozco,nhumphrey@yahoo.com,!x2ZzP,1a33e85acc612a1ba179260736bfdd4e
whitneyrodriguez,rollinsjacqueline@gmail.com,Fr^3Gt,685521e704a37c9383403b78427e50c5
edwardsrobert,kellylawrence@hotmail.com,(8X!eb,61c44c14c917749c69cb626843fedd0a
tuckerdeborah,dgalloway@hotmail.com,Q++6Ah,0fcf443dddf05a64ac7214cf7a1826e0
wangedward,brianharmon@yahoo.com,a#+5Ke,e8aa51d4254f4e36ba10c6f752f8edb0
keithware,flemingjennifer@gmail.com,*4OO$v,15fc52ef34c53c58876ff2f2065c3457
darlene53,mcbrideaimee@hotmail.com,(A8Tp5,41c4ba7ce5474aae370b1d607930eee4
beth16,egraham@yahoo.com,)8MDmj,d20866944f4b156cfee6a2ad3d1eb20e
oboone,paulstanley@gmail.com,F+4$Fg,052e6750c462fe70dd89a9bd874f67dd
charles71,alexistrujillo@yahoo.com,R(4NRk,93efa6381693cd226cb78820f28f62de
gregory39,gonzalezsamuel@hotmail.com,&r@6Yw,170f2a6a1f48f51a149668b5ad626067
elizabeth46,swilliams@yahoo.com,@4ZyjV,0b401e1c010a2cabe85a23bf66aa5834
jessica85,vknight@yahoo.com,*(9D$u,7f7efb026f27199e477cacc9a3ab5c37
joycecharles,tiffanynguyen@gmail.com,4)6GSw,a5f64ecba28e5608953d86881e1305a5
patricia23,crusso@yahoo.com,&a7XdQ,ed0e8099e8b31253965716d0362f1a88
mbell,sarahmendoza@yahoo.com,x#9Mwz,fde0e49aedeb10b83bb0708c1f6e6f86
ywyatt,danielleyoung@gmail.com,&(7S%y,a5b977e482c5b895c971a1225dea36c5
gwendolyn42,phillip95@gmail.com,eG@0Rz,8c44d77be124d182a6a01cbe2f522e6f
bowersteresa,justinbell@gmail.com,(r2EJo,2f84ebdf090930c115875ab410c17e72
atkinsontanya,dillonbrittany@hotmail.com,B(7Tw(,7825f491504adb69bbf7ddef2132ee00
scobb,martinjessica@hotmail.com,!O71Il,843feaa2af3f2ab5f2c08e0e4b0d4e0d
lbarrera,williewilson@gmail.com,Oq!3Ku,0f79fa24e8777432238d2dee398fdfeb
johnsonreginald,yhicks@gmail.com,_A8Nyk,8059f85160df821a685379c5abbfb682
josephgordon,rodneylucas@yahoo.com,G+7Y8e,579eb35a041d7530267602283f762070
hancockangelica,catherine94@gmail.com,*3+lOd,4ae8b5713f57d1ad6f49a53417bed759
abigail32,josephroy@yahoo.com,**8Mgu,95fb8f372530dbb92b3e7986fde61de2
aaronpacheco,perkinsedward@hotmail.com,&0AGqe,b90e66f4d063538aedfcf803b44d3f5a
ulewis,sextonmaria@gmail.com,)5BBeQ,2083f029bc1f255490dbb0cd8890954a
mikebauer,harrisjonathan@gmail.com,!f52Uh,20cdded7e6b162f50f3700b61ba19dc4
sstokes,rogerthomas@yahoo.com,@Kz0Xq,0770f35498863727bfda3a04f62c791b
emilyshort,bethsanchez@gmail.com,$75sCl,ef429f9caf1415c510c8db94ecc7e132
kellybradley,wperez@gmail.com,&6CkEm,525cd9681e73461752b08d07dfafb833
stephensnoah,joneschristopher@hotmail.com,2_2PGs,347db20fe95e645e1513c5bd471ce4f4
urodriguez,cruzscott@hotmail.com,O$3Nor,7254d9d688d9f31cc60b581ac1463946
smithmary,jefferyguzman@hotmail.com,!4(StF,1d400f8d30c9fdcf633ea6e1a97f4bfb
ian88,masseyrobert@hotmail.com,H!1cSc,8081d5d346ce4b128daef9e9cc3ece16
theresasantana,kthompson@yahoo.com,z_8Xc%,01ca2258dfa7391b7d76afcb79b21e21
walkeraaron,pjohnson@yahoo.com,$iy7Ia,9a9e9c3135abd80e1133bc3b41de190d
bryan86,cheyenneayers@hotmail.com,c&7iPs,76c81c1882f5fca3fd199a72101091e5
helenwilliams,miguelrobinson@hotmail.com,#79Qqb,f289c46dfa9cf1581461ae59fa3ef01e
rogersmegan,timothy14@hotmail.com,)7KArj,36954625d5ee6038024260b18286adc8
jparker,thomas74@gmail.com,%@5ZFh,08678040ccb006e32d2d52d973ce0959
matthew25,vegamorgan@yahoo.com,Bz@8Mh,930ce060f1478d80c4fee2717b69022b
cynthiabarrett,joannesullivan@hotmail.com,+8JVcR,53cdfc2da16456657371c90c965bbe7b
krobinson,tinablack@gmail.com,$j_9Ei,ec08bd57634babb45189c4f88a7dd143
susan85,gilesbrian@gmail.com,^w1Ptw,6a85af588ef1de0199b136edaf8838d2
jennifer79,vegakatie@yahoo.com,_5XURc,20c8198ea5cdfb371e0e37916b6b7f89
taraparsons,jessica39@yahoo.com,)3Rrx3,19b331a1a2a2ad069d1947ac727715e0
george34,john24@gmail.com,$M2QQa,d3cc4532a2ce0598d2bdc6e3032616de
nhamilton,brownjonathan@gmail.com,!)4Cdd,bf7ce719516c624b7782d337b113f112
turnerruben,alexishill@yahoo.com,#3XUJk,faea12516558244054d2ec9f9674a968
jmaynard,cjohnson@hotmail.com,)U8pLf,4acbeb9ef87e36a8beaa57e2920b1624
cynthia16,jessica00@yahoo.com,_3eHy6,9e911fe2dc1a08469c80da89de658a76
crystal10,fallen@yahoo.com,+n@2Xe,fe9591a720f87bc0e2140f3bc7d97186
anthony74,wendyfranklin@gmail.com,&3QpR5,d4769dea6ccfe769238ca9e9a6287fc6
weaverchristopher,hollydavis@gmail.com,#&1Yw!,0824292590e3675b5f0f4a8fc5723236
ellisjennifer,fosterdawn@yahoo.com,+X7*Zy,bc4448d7e9b50c58eb28d9daa5462176
carlospruitt,barretterin@hotmail.com,Zx!4Nu,d6c7c5c1a9ab42ca2e1aa366778f3ded
brookschristopher,turnerroberto@hotmail.com,j!2ALe,429f89a766d6398e7672afba96605dfd
tracyyoung,nicolelewis@yahoo.com,%8Hug8,1b7c539f7b699b663e816e2d3929107a
pjames,jimmyparker@hotmail.com,(98SQt,b18b090bbe1cb3f3295fd346ed056e5a
lynnshepherd,odonnelllatoya@yahoo.com,#4HLnD,e1edc58071f552807586853f77eb58bd
traceyfowler,ymiranda@gmail.com,#3Bz^(,d69c4c950185c480c784e54ce7949268
sydney12,bryancarr@gmail.com,&9T4Ht,5e99c0b567fbaf5f0279fe3019ca5259
sanchezalyssa,jasmine69@gmail.com,@&6Ief,758c88b074139c614d71e1f7b936e486
nelsonedwin,svega@gmail.com,7q)8Ua,a5c07c978ef39c7eb69221bf0e1817e0
courtney04,daythomas@gmail.com,!6%LtT,0e8ef8e04f6e35ecff7f223cd6e6f688
jessicacalderon,ifleming@gmail.com,!3D8vg,69ae24f5302732b1252f83ba5ad90cd7
barry44,jyates@yahoo.com,+7yHTo,23a363b0f7e266eb234b735cd1392b3a
juanrobertson,wroberts@yahoo.com,F*3OUn,d41fd0f7e2b128ad857eda306753fb78
kennethsmith,xburns@yahoo.com,!2C3Ss,180c9a72c411307f4f63b75250848340
greenjoseph,kimberlyfuller@hotmail.com,^ak8Mu,8bfd44b24bc06d46fd0d11440561ca8e
ccox,natalie38@gmail.com,7^18Bz,dee234e0cbfd9f0057bc0d2de2b16a6b
pscott,andrew46@hotmail.com,j*8Tsk,0677a3ea5ae2ed120f9aaa266ee523e3
floresjoan,perry06@yahoo.com,l%9Ici,4cfd871e2c9e64726b8b5d018176ce7c
craigchambers,hmorales@gmail.com,$3CgJy,5fc75f7d84768d0a967fc1d998fb3f5f
gregory27,crossanthony@gmail.com,*84QNz,9d257e53cf0af0c5f2e441737958b8f4
hhardin,elizabeth92@hotmail.com,Q)i6Ef,9534a87153c27f7d9fc4535a78f1e43d
ewingjoseph,yvetteberry@gmail.com,_98!Te,a27d29d38dc66953528a76107fb6c860
rebecca34,ronald25@gmail.com,)7K_Zp,ab0ef32d5710210e112e265a6abdb74a
millerchristy,gthompson@yahoo.com,!4PVt*,446586c2b330005c16722fcfe6414279
swansonnicholas,jim39@hotmail.com,$64Hnt,f0cf48d88a162bf0d24ca47f5197f432
meganbecker,mosesfrank@gmail.com,(3Pwn*,429dfb86fd2816a87f2bb83df2b65ac4
emiller,gardnerveronica@yahoo.com,&6CR%y,11913428e634c64904abaddc4a5098e4
benjaminmoss,katie45@yahoo.com,)!4%It,9284a2075dc67dc0bd5721a5896452f6
caseyrichard,padillalaura@hotmail.com,3$F9Hp,8efcc2b4e8e3531cc9291aa595eae903
derekrivera,waltontim@hotmail.com,)4Q#&l,1b5552a5f724a3accefdaccca9597246
jeancarpenter,scottkim@hotmail.com,(5B@ps,2f22593055a16d1121ce85b9f15ae8cf
johnmyers,martinjohnson@yahoo.com,*7RTqT,cfe03d638aa774b5aa567b2e77e348e7
mooneylaura,palvarado@gmail.com,M^*4Zq,17342259d46730a4ff776b894ac6d551
jimenezlarry,perkinsderek@hotmail.com,+s6AVh,604bd628b5c58ecb0c6e1a7da7ef22a3
dhammond,utapia@yahoo.com,b+P0Tu,32dee42deebb158fe6688bad4215acaf
clee,naguilar@yahoo.com,d^(5Em,44818372626473550f2e4a7ca9a4349f
richard25,ashley63@hotmail.com,^0Pb2r,6d862adb54e3bab0eed193d560c6d21d
garnermarilyn,imiller@hotmail.com,*9SEXu,427360e63d3d7fd1bacd30fe82ba897d
simmonslinda,turnerlauren@hotmail.com,$1PhCW,9116388c5d3676181c3319c108b76b2f
lynn72,pwatson@hotmail.com,+6Tpe0,e27d931ce4a71645f539c4b1a3063f20
navarrojennifer,cpadilla@yahoo.com,%9SSjv,11cfc2d29f90a47f498f168d725ffbaa
brandonwallace,alicia18@hotmail.com,$$5RLq,d8b357c9ad6b3c655acab1a0fc55308d
bakerbrian,walldavid@yahoo.com,#0F9t8,8aac737ecdccf3ee9cd0913bd02b78bb
igilmore,donnapatrick@yahoo.com,*8NvXk,eef61c764b3e98c873a3a0e9dd81407d
carrieharris,qevans@yahoo.com,)0Czvc,d9f2389e3ada7261a30c36ddfe02c16d
knichols,kmartin@gmail.com,$5OnBm,deab5954650ba664b4e3677818a5e25d
owencynthia,bromero@yahoo.com,+1Yp*e,ec5c26b90f026780308db221cf2f96d6
michelewatson,david95@yahoo.com,#3VyHd,7ecb0552836daeedc5406d18a91c8091
gordonerin,lawsonzachary@yahoo.com,a%3lSn,854ee1e6f41d02e9349e2ee1cc7bb110
jessicapope,dpotter@hotmail.com,)7JAbj,5415dc2c7dfec97d1132b91ebf24987b
lopezemily,odomadam@hotmail.com,g!04Og,c13b168f745ec372635575ecfbe27849
smithbrittany,lori46@hotmail.com,!9HPEc,5cf6f0ee4254ae01d7c07cadd10a98bb
jeffery93,lopezemily@gmail.com,)6Pez0,b4bb4408f1dae91dce82906910a07da0
thomasmadison,zmarquez@yahoo.com,c)1P3n,15a0c7ff54ce63dbcbdedeb2228e276e
hollycummings,david20@hotmail.com,&1HPlk,26f90e414aceffb034692bb2d41770b1
nguyeneduardo,yhardy@gmail.com,$4AuQp,be3d844f1b4c169c7eaabcb6fe7be6d2
marcus73,nicholaswright@hotmail.com,&8OUlG,04dfe9ee5bf2078a0714d7de2867946e
christopherhayes,ehamilton@hotmail.com,+q8Zjz,dd6df2919ff19f78a26b82a4f3cc6cf6
isims,shawnmurphy@gmail.com,^!0KhE,62c41042eb8a308aad86abba3d1d388c
michael85,sean82@gmail.com,%(x5Kk,4facee2711397893776ee991180530d1
heatherrobinson,christian01@gmail.com,1&9pVp,5a733cab50284042ae62ea24ed090aa7
jessica32,sgreen@yahoo.com,+7Xvop,a86d05ae3f7e774c455f60827009ba9b
pattersonjulia,bradley50@hotmail.com,)t*1Yn,381f5cca3c1137590dad973ab8c6de59
sarah23,ebarber@hotmail.com,L^$7Rb,98d172613e8bfcb775e362a3e5518676
teresamiller,hayeschristopher@hotmail.com,#U2WaS,232269ff77cb5794ec2861a2c66f9fbf
lewisjason,ydouglas@gmail.com,_9MElg,29ad812675a3842c195bc069fc89c845
gquinn,amytran@hotmail.com,W4_8Ts,ac542f1a887fda570c2363915f1e2598
ronaldwoods,lloydjonathan@yahoo.com,^O1We&,41ea7bd22ca94de758fba44939f26f9d
michelle01,morgansarah@gmail.com,m_0Nfl,a2cf990b99e1a62acc9fb7cd9f10350a
ernest86,gjackson@yahoo.com,!9IDr+,1f3a11f19ad754af281a2e1a893dfcec
anthonyjones,qbarrett@yahoo.com,_3Cq6c,3dce43c753b4859b0cb12cc3811b9d72
christinamejia,leekevin@yahoo.com,$7Okes,0d3f0cc98060de669867a0b963bb0104
deanglen,douglas70@gmail.com,*6QXc_,b7263a88950b45468a0acedfc2693890
michaelwilliams,lcarter@hotmail.com,@os8As,0d1e6ccb74cfc283105e897e31221ddf
lchristensen,mary83@yahoo.com,$2Ksie,bdd0afcb26a4b5248b4833e7180583a1
vgreen,moralesryan@yahoo.com,M8!9Iy,13a7530d9fe6201b4b21cca781d9b0cf
dburch,benjamingay@hotmail.com,_T3_Gw,6345129d7f93529235df62df3baaa7a8
danielle87,shannonrodriguez@yahoo.com,_t+3Ld,1db5d313f8096f70d111a4f9f2004450
andrewsann,cruzcalvin@gmail.com,%_0RId,a38d4fffa23661dabb4bfc8429568dc3
john39,thomas48@yahoo.com,)l41Vq,60b8b43039d4d973ae7d8408ada33509
phillipsjohn,joseadams@gmail.com,N+0No4,73654c608c81d1d69b8486e3aff4f013
bwalters,aphillips@yahoo.com,#0FcK0,894f3e4809f106ffddd2ab06362548ba
valdezrobert,frankjames@hotmail.com,!2Jc4p,ba31fc38834d41968e11a53f8959a342
wgoodman,martinmary@yahoo.com,h&7Vgb,95f2e0147f683de2d7458b527d6d3204
ebrown,jeffreymorgan@gmail.com,Ib+3Dv,15de63fa6abdbb74c2fc753f56607e73
frederick28,michellelopez@gmail.com,2!5#Wc,383964a250c71b963e825fbb8bc8b813
michellerogers,ymills@hotmail.com,!1Gifc,fc08fdb924933d751821f2fa5b593edb
michael31,ymontgomery@yahoo.com,)1Qxin,599e0fdd7618c218eecadff6f97e37f9
nmeyer,wrightroberto@gmail.com,&7L7y8,af6aa4213fb892d52b0c33191ff1f62f
serranocrystal,vdurham@gmail.com,(4Osi6,41f3ed881bfe8057ae26bce76d61730d
arthur84,melissajohnson@gmail.com,*12T(z,decf50899214098fdc30cd5b4a3d502f
davidwhite,wendy03@gmail.com,#R2MHl,d37059a632e987f9e58017d3195bd5e1
lisamartinez,emily73@gmail.com,#s2WBi,2e800eb19f893bb2368dd21675760b5f
ian93,twaters@yahoo.com,&X6wLa,4a05a5fcf77832bc9031c2e155fe5fc0
christine61,phillipsrenee@hotmail.com,&4#UbR,055c9f6391fcde226bb1ee78c0b4c9b9
robertmiller,jeff12@gmail.com,#0_1Xg,975cd81e1f308f8914f4da71ea702350
nvillegas,castillobrandon@hotmail.com,+8UVhj,7c67c7078430b9b1def1c1efae171183
owensvirginia,catherine12@gmail.com,d*4Qlk,7af3135a11b22944587623da9fdc10df
fmueller,holtderek@yahoo.com,B)I9Za,fd9d04728150f20e74a194ab7d6e08a1
jason24,ruiznathaniel@hotmail.com,*3jStb,9a47059502f987a2f10acbaa0d007640
kaiserkarina,john63@gmail.com,q)4EFx,9e7d129cabd685ee40b21596d0f35487
anthony12,sfloyd@hotmail.com,_84Der,45b776666b5fc451d926118ddfadf28d
mmills,hamiltoncheryl@yahoo.com,)s5ZWd,d64345ab074d3478facbade798b8cd85
jamie10,edwinmiller@yahoo.com,(l5MNr,32e8a3ac97acc48175f55451f0f258dc
contrerasanna,rodneyturner@gmail.com,^Ii7Sf,2f84a3006e1a4deba5af90eb3b1fe8fd
shawshawn,jamesperez@gmail.com,@0D!nh,93622108e937f1a2016d254eab9abdd8
vmanning,dennismiles@hotmail.com,t^9QBl,ecbd6e073c5e8aefdc02b14636b073f1
dbell,ricesharon@yahoo.com,_W7Kt4,c65f178b8037a6435b7243a503a5bde8
hollowaymegan,cherylwallace@gmail.com,I_4pWn,8b319c52734055434f677c19793ae018
bartlettmegan,mullinsmichele@hotmail.com,%0Mccs,fbf27cb49e24079776f088059a5f5f47
tkelley,kimpatrick@yahoo.com,@4cNVx,9bb497e74d97978a6302374497c22abe
phyllis75,janegreen@hotmail.com,#6)EEv,84528fae313115a36cbcad06f2545610
cynthia59,waynesexton@yahoo.com,!0*Cf#,a55128550a7e0f856be7de4dc3110f3e
fbrown,judyhenry@hotmail.com,&#3*At,38d0ebf540b8ce5e58ba70c83572bd05
cunninghamjoseph,wcollins@yahoo.com,%+j9Yj,67b2ec06e4e0668b283dfd9e26cdbdf7
fbrooks,johnskimberly@hotmail.com,K(4H+d,57ba04be570694b764fa9c6c74f08f61
ashleyvazquez,aford@hotmail.com,*9E(Cp,13c69cc4af5bc9f41bb092e4dca09174
reillyashley,petersonronald@hotmail.com,$%M7Zx,ac4cd6051b216fdf374ca8a88fade290
roblesjason,williamsnicholas@yahoo.com,x!1JeP,ee11f69faf55b267524c821da2b17ece
taylorstacey,zcantu@hotmail.com,%4PaX^,3117dce509c978a376cf351cfd0a6f58
ehill,tyler01@hotmail.com,UJ$9Be,fb14a2e12c8a60f94c5fa0c620c1b266
mathisstephanie,timothy61@yahoo.com,_4*E(e,e7f3e4622da3b06215d15cfaa730ab2e
justin49,markcarter@gmail.com,d)1V1h,22a93fd63e88f2824d9cdd3c7845b9a6
amber17,bowerstheresa@gmail.com,^Gz9Uc,00a2b1d0715e1f67b4fe03b25fb865df
adriancook,daniellecarr@yahoo.com,)0Mf!I,929544e097befe87bef5b2237ddef8c1
wheelerdavid,savannahsmall@hotmail.com,@^F8Nb,a52efb74c864a6772c60480331c75a80
smithanthony,kevinrodriguez@hotmail.com,(^5Bz@,93660a704295e0372f59377301cd6878
fsmith,jacquelinetorres@gmail.com,%^l8Cc,a1c208ffbfb438ca207678bcd31b7e14
carlaarmstrong,kyle43@hotmail.com,r$6Rrk,7afcbea0f5c40f113c1f2d0d31485546
collinsanthony,abarnes@hotmail.com,_7lRdq,85b71bacbff162e19a21a5b9673c845b
andrea20,laura92@gmail.com,_6bW8z,87dde05e37bc0abc8cd953aed7a0a2a7
cartercheyenne,dennispratt@hotmail.com,^4Ea)m,6b12f9dc9e350a0cad541db1dce2be70
nwu,sean99@hotmail.com,&21iAg,7999472dd37db663de00c1c6b3b8cd92
ywolfe,mjames@yahoo.com,%$5MWa,e59807b1650b9c0b03314fff5598aaab
edward99,ysnyder@yahoo.com,@6dGdu,57f2bc84915ac41fa057acb115d9f388
evan86,susanparrish@yahoo.com,!7ijNl,23e86e040e5098eaf0e44b30d2e26171
dustinmarks,cjones@gmail.com,%N47Ka,9bf867e4ad252c33d4c6b0c5edbe20d2
ronaldsantos,colemorgan@gmail.com,(5I9Pq,681a58b8572f4524e8b8a3c17f5c1f80
lmartin,williamsanthony@yahoo.com,_G2I$c,eb624131e2574dce2ee3326ea5395a9c
lorithomas,shamilton@hotmail.com,)8^WaX,cf2041608f56011309fe464aa3d32ea5
thomasashley,andrewpage@yahoo.com,^w0CUi,357ea7f6db9461959b6c95219ea615c9
davidmyers,ashley60@gmail.com,i6*9Kd,df13f3e13cb8711d44b7846752c16417
osims,lmendez@hotmail.com,!8e_Bk,cc00ddab1e9c60b02811c09b7d401ba2
thomas74,jasonodom@yahoo.com,z%3uKi,dc8b0023464b3e7aa06d218142347299
jonestonya,snichols@yahoo.com,)N3Bkc,e253414823625fec41d9a3d23a1e9bbc
noblenicole,rosschristopher@hotmail.com,)fH9Pr,ce389735cf36ad1cd537d6e862aa06fd
josephprince,erikahernandez@gmail.com,*%7KBm,fc6724c1775f6f247d583a305c969111
karen20,onealjeremy@hotmail.com,#z9^Zp,720960d327f039fb0972dd30d920ddf7
marymassey,wsingleton@hotmail.com,j(O0Lo,acfa26fd2c1d5122080359f17de588dd
shannonyang,combssteven@gmail.com,$5Cw0w,45347ad62e3794d5fee7322ad43313ab
rachel68,nancy25@yahoo.com,*0@Dsn,40620b01e4ea9306c44421f344f7b87f
john97,qprince@gmail.com,@h4Esq,fe142137714db0b7c5b527026f570c6b
samantha76,angelaschneider@yahoo.com,z*08Lm,bdb145b5abbb468efd98314162bf3d9d
joe73,parkswhitney@gmail.com,^t3KJz,ec02e4e7d032fcd6107dbbdd74849a26
ydavenport,olsonmartha@hotmail.com,@0*Thn,36ae22925db2deff747b341411d4f2f1
gholland,blakesmith@yahoo.com,_0LCRz,01b2bfe1929993d2cc11feee6f1d7401
saundersdavid,rodriguezmeredith@yahoo.com,)4*XKg,f7eeaf009395805e8aa6b01593f0725d
robinsonjasmine,molinajulian@hotmail.com,b)3@Fs,11fbd1f0290e8efc8d2221e2f21e98c8
kevinroberts,alexanderchristina@hotmail.com,Q#3Wog,8bbca79ace4acbdf1fae2e1249545b70
jon42,mjames@gmail.com,_rp2Ed,5a66d6d9b2234b3ac940991252b279d8
rodriguezmegan,snowcourtney@hotmail.com,)0Vj4c,4a9345dfa057b5efa00f0a0f8f1c836f
melissathompson,emily38@gmail.com,d%7Kxs,53b2cb48075a35276919331190c4df28
grahamkeith,johnsonmaureen@yahoo.com,@6dRHx,f1f36842d40b66ef4cf80299d755c998
roymassey,zachary47@yahoo.com,hz_3Ys,3ab57c3d1b8f99c7cfb69eeae02986f6
gclark,hoganjamie@hotmail.com,_9#A*w,58dd1d7ad5f35416492ebc8f3b6a9a21
waltonbrianna,cassandragamble@gmail.com,I&1rNu,721939ec492fd931d45cc4c29a6d6ecf
bclark,mccarthygina@hotmail.com,&N9PBd,bce00508d6c2b9a5b401f9584a749c3d
jennifer24,bbates@gmail.com,^S0Xae,683e59d55fada0721be1872456f20728
kathleen41,greg87@hotmail.com,+e6LDv,c88bbf9c30f63116af3ac06178e5cf11
eporter,hamiltonedward@yahoo.com,&@2Zvf,d0763f5ae43fdca73f51ef0bf0941eca
ptran,wrobinson@yahoo.com,$%0lKn,6c29ab508955ae9413e37a61539f35ce
walter24,vbrewer@hotmail.com,)5Gs!Z,5e2c0ce47bc793234a6756ceccc92bdf
christine11,roymarie@hotmail.com,$1eOw6,15a610310574e57478b742b86b46ef75
penacrystal,judith78@gmail.com,_3JbS^,9fcc5a6fde298a1caf28cdae6e0c7293
william91,vrobbins@gmail.com,#6Pqh3,1c3d79267996f9e0fc55f602c951be1f
timothy45,john48@yahoo.com,_0pNJi,641e45ade58e40c29b0d77d52bfc0a5a
coreysalazar,patrick40@yahoo.com,^$3KGc,223b39beb86b61eb6fc8c9b2aa0b5e1d
amanda39,bettybrewer@yahoo.com,F%7L)b,ed5f4bf12c2aa9eafbbe219d5e824e84
robertsveronica,kristin39@gmail.com,(0MNre,1d7c54cf98954175d1c9e24ab47883f8
anthonyjones,gregorynelson@yahoo.com,H)3CDe,782dc467ce8b733365403f9f03fed83c
lferguson,dvelazquez@gmail.com,*3UAYo,50411e4d8a79012fa403a497bcd24087
daviddouglas,justin32@hotmail.com,_1Z!Qo,9eb4e2c43bf364f788f90ab11cda1325
wcastillo,david06@gmail.com,&8AhD9,d8bb728a891af7de7ad34b6dc79c0830
deniseholmes,rwilson@hotmail.com,k!4jBw,295c9bf34b5dc3e77e6b83678c01ea53
michaelbenjamin,pughwhitney@gmail.com,+4VZCl,6c6ab63d7a72bc3d8d77ea9f032ed13c
daviskimberly,brian92@yahoo.com,&0QXnA,743584c5a1f22666a83c2d10f8550bc6
lorirandall,robinsondonald@yahoo.com,$6CBtB,94afb8803d6ef0c473216443cd6a7bfb
caldwellmeghan,kylesmith@gmail.com,*W8XPn,05aff99016b768d223df0fa5070f710f
kimberly94,rsims@yahoo.com,6_a0Si,df55799c9378bcde862b035cac8e59e7
shawnpayne,davidmorales@yahoo.com,$0OiDs,82cf38d47ebcaf7d75d2c0ad0384daa7
adkinschristian,perezdanielle@gmail.com,!5Yjk),d4e5ccbb8fb9f44ed9aa59e2b9b48ef4
frank63,kimberly54@hotmail.com,_A0JAt,17598cfb79fa1756fd9087262a16e763
darrylboyd,morenowilliam@gmail.com,*r%3At,b705998176c8c4a31668821754c9fb4c
rubenreynolds,peter17@yahoo.com,@&4QAv,38cc4682e5f9945fc106bca87be5f506
amandahall,storres@hotmail.com,*23H5l,a3dfbd3f751ad77b579f1b3970885dba
perezrobert,allen44@hotmail.com,$3AQ_u,2697f442576635dfadf9d10c4ec05d2e
jennavargas,oconnellkenneth@gmail.com,@8JS+m,23ff63b028cbe2894e0497027ec49704
angela79,danielsivan@hotmail.com,^9MjGj,3dc937687176852d6987b78c3d44a629
danielwall,riosjennifer@gmail.com,$w*5Ry,eb90d202b301d63f647b09be982ed191
matthewsullivan,candicemcguire@gmail.com,!8V2Fy,7f3b3aa5b99b0a155e0a2c35f7c40127
jamessolis,martha45@gmail.com,@6X!iQ,45471fc5e7a6063febe90d0195f49e12
evansdeborah,brittanylopez@hotmail.com,$7*Qi#,2a8478c79da8f00ca1daf617d92668b5
jeff79,laneandrew@yahoo.com,_8BwXt,677ae717e22d4dda5f1eba4c7e25032f
joshualopez,gmoreno@gmail.com,+!M7Bl,0a12a109465bab71982fa0cb2788a288
hensleysharon,hernandezsuzanne@gmail.com,*$46Fl,cf59aafedff4dd766a985fad7c541830
eric56,dixonchristina@gmail.com,N@7Qi5,eac3c8e87803a378e2343350b4841133
nguyenbradley,smithsara@hotmail.com,P!7FNp,fdc09233c6887e4d65cdb898cfe7717b
devon35,rroy@gmail.com,*0JcPw,dffdd0e6a1758e0efc3b44ef6fd1b8a3
robert96,tracyhahn@hotmail.com,&H$7Hh,eed6c95dbbe4000de157299879584854
amandahartman,gina72@gmail.com,EE#8Bg,8a241a63606c2e3bfdd00fea9a388482
pmoore,meghanlynch@yahoo.com,X%7Sls,5bbafaab83a4759c0f602af2e25cf730
debragill,arnoldkaylee@yahoo.com,c#0Y7j,ccb3f1617a05b86a3d038fcd21e18251
zachary34,smithkatherine@hotmail.com,)64E@n,9e476759bb52861b2b73b603cdb43cdb
gallaghermichael,georgegraham@gmail.com,J8$2Ii,b2d21135accade40998f031db843438e
glee,cannonjamie@gmail.com,#r0Mwi,387700c400e6fb61a18063bb86cf080e
robertsdaniel,liukrystal@hotmail.com,@20Soo,276b28065f131de5e2a45d9bb8fd1365
jamieprice,kimberly08@yahoo.com,P(5!Bo,a38ea623fad4bbb86d9a6df19feaf413
nmurphy,matthew82@gmail.com,+Y5M3k,7fd1dbefe230c7cdd3ed896db5141d51
kinglauren,lauracarter@yahoo.com,_4Ou%8,165543e2c0859ba3a855e33ad66ae518
colebruce,ahill@yahoo.com,)0MMWt,7e4b30c13efa77f069d37270ad9fb0b0
goulddebra,davidmiller@yahoo.com,%*2W1u,0f53a5f743e050d5798e0d28dc529abd
jennifer41,cpeterson@gmail.com,i)1VAu,e2454cb9c30d8197a19fb28678e027c3
burtonomar,carpenterleslie@yahoo.com,6$0AuZ,f2fffc6a034eba66fe85a4f8574ef5b8
jeremyellis,laurenmoore@yahoo.com,)^9OvH,abe37ef8e5da1a452f366661f8703d29
webbmary,chall@hotmail.com,^I51Bi,07af29033ad4df7bf5e7dead270e5de2
landerson,joshua87@hotmail.com,*)8THx,4d51252d5546b74e300cfc2f7bf51262
trandonald,tburgess@yahoo.com,C@2Qpc,ab0eaed603914320cc05f9957dedd74b
jdean,jonesjacqueline@yahoo.com,@dL8Ue,c0c429e3450cd9cbbed8c0f13a6a5399
hschmidt,keith87@gmail.com,*3sZTv,d1152cf02f5437e09e3a8226199f259b
kimberlywaller,jonescynthia@yahoo.com,)2Iwjs,e19807afa6cdcb30f56d97f69fe59913
ualvarado,obrown@hotmail.com,_2glIk,5b7b37ada1c993e24377425a4e6a0ac6
sarah01,cbrown@gmail.com,(3&Sds,27478c1d30316a74c05ccb53d9f82406
juarezgary,gregorysmith@hotmail.com,)1B_0q,bc4e90006de4ae09b1d22b80cd736a74
mrichardson,katherinemorris@hotmail.com,#1Z*ni,4cf381f73f9c2308777bc0f368226fe3
cindy58,whitedaniel@hotmail.com,#3Qqu7,d5ae3b8ff822bf1db40daf45ab85893a
masonjustin,josecarter@hotmail.com,&7P#Qr,cf071bdeab0300609fcfb6a9700a264c
robinsonkathleen,catherinelewis@yahoo.com,N*6Zpw,a6692da90414606270b640452331e766
amy05,handerson@hotmail.com,#6)0Lr,3e913582271a1231f39020b52c774087
nwheeler,fmartinez@yahoo.com,_(5TFu,57f39346e9354e8f10a5ac0c156f5582
crystal72,hudsonrebekah@hotmail.com,QL@3My,a9e6a22cc53b4d2baa05d7e0f657b65b
vanessalivingston,katelyn07@gmail.com,^$K1Sz,302e08d73ed603198f5ca14a3164dbfd
mhahn,jenniferlewis@hotmail.com,+4Adhc,a23484b2897bc13b496420758c28c8b6
lhodges,rburke@gmail.com,@R8Da3,b653595b7a54f491ea6cbfaaa36b6d65
christophertaylor,mccannchristian@gmail.com,(4wWz^,69d9255e2922fc7bc872cfa088431553
cynthia72,fmiranda@hotmail.com,!0NRk8,45370fab35d71c4e1529ef118eb606dd
michael06,brent54@gmail.com,$4ZLoY,efada84bb2787d29bea58dd2d99915fd
kendraallen,wendypotter@hotmail.com,)8PckC,64280791dbb8c5ef170bb0843c170aa6
griffinsarah,conradsarah@hotmail.com,ao+0Ie,822d5e0ea2c095cdfd4d54b3a4c06cc4
angelavargas,seanharris@yahoo.com,i!3Sy+,af9cc2ce4027aeaf89d79ea70e8d7cba
christianscott,robertorodriguez@yahoo.com,s%2SMn,a65ba310f19370e4bb43c65a5ccc5f8a
sharon89,derrickthomas@gmail.com,u(7OIp,c061b4451880691b418c0c57266827db
paulanita,linda27@yahoo.com,$d_1Pg,7d7324d87c63670d0d59f9baf47dbff0
karen64,qberg@gmail.com,^q3!Yh,274b92ad4a68e217339106e0080ca31a
aschneider,gravesangel@yahoo.com,qJ&2Xf,72ffb4968f027aab1c3d08bd5e163121
sandraruiz,uflores@gmail.com,*97Jxp,974cdc09fdc222fee8e5f925057e0e89
ocastillo,crossandrew@hotmail.com,p#4WEw,865407ae9ca6c8a3c1d133e434fb2845
ifarmer,xcox@yahoo.com,%1O(nw,c7f9128029d11752f51ebcdeab85ceca
jessicamoran,cmiller@gmail.com,%53Nhs,41010133ed4bba13b817159f88013dda
eanderson,robert18@hotmail.com,7$s0Sw,9540cfed0315c3cd324fea8fb36c572a
tarasingh,portega@gmail.com,*0tYxx,53a87b057a7d4e7c2aaedaaf90caafda
jennifer68,wbooth@hotmail.com,$A7Mot,f6202a311acae162634b089f1fcc2f82
daisycook,rtaylor@hotmail.com,!3NeFt,c3dc753d185ac8272581b3abf4856fec
ashley20,ramosmichael@yahoo.com,+G9ReJ,da1dd15f471892320e43416b5a8d28e2
elizabethtaylor,montoyadavid@yahoo.com,$1Usny,4f715ac576f01d8f509de79749cce07a
waresteven,campbellpatricia@yahoo.com,(k0UKy,9e57c81224ea3d4a9c25b193c145db2b
evansheather,margaretking@yahoo.com,_*9I+o,efa120eee7ad3e52b6aa29af419d3df4
jason54,shawmargaret@hotmail.com,j+1oPy,06b1c1117509922399064bc34d941497
trevor31,john08@hotmail.com,s%8Eev,5eaa20ee8f79904dfa9988462195153c
davidmorales,jasonball@hotmail.com,)0lDGb,88931677ae223b22bb37e23f4ccef256
tanyawhite,sandramiller@gmail.com,*9pEb$,7bba1c8cb9f96142746693fef881c3ff
alyssa72,melaniezuniga@gmail.com,!!(0Uk,8ef4a571403563a01ceb3b877964daf6
xlove,james95@yahoo.com,&D2Id5,297bffaf502b0d6b90ad2e5daceeeb2d
stevenfrank,olee@gmail.com,%9UWp$,513644b866303ad55dc3db1bf32736eb
stevemeyer,billyhobbs@hotmail.com,%I9XVi,b101eec64ead364d0f40e116f8b16658
anthony40,christophersmith@gmail.com,(#3Mph,9638b8d8734404af0709e7b1eaa16678
ayalamichelle,ejennings@gmail.com,*6WGd5,f8dd6249b19b1ecb3e17ab6eca6be1bd
michael02,drakedavid@gmail.com,_1TPaJ,2464842737093b56626e5dba3fe95b37
hernandezgeorge,clintonhendrix@yahoo.com,*e6Kd4,8584a992b4673ebdd2a5bce5f5136f3a
flynnmartin,susanhayden@gmail.com,$A1Pcw,62b9ca235be5d6414c7fe40f0354c2c5
bkelley,caitlynbarry@hotmail.com,t_4Rl9,b9d83bfcdb1f6a8478294edbcfc0b5b3
jeffreycross,aaronmaxwell@yahoo.com,#!9sBm,d19c2a18b0aa7f9ada59250e1651bf3a
alexmoreno,acarter@yahoo.com,*#7Ypy,eb490d0be37f6a126b90460a78f7af68
edward12,adamsandrew@gmail.com,9_!1Mp,b7ef33d07c9f277c4b840bfa8143ec93
williamsjohnny,robert74@yahoo.com,(9OHlE,bb708579974e50aab7b8725443d2ceb4
williamhardin,cliu@hotmail.com,_%0Yod,73f2568f0c3ce5af5789a12196474bc5
qgood,oduncan@yahoo.com,#BS6Qf,052374091c5b33afd9d50c84213bf5b9
natashatodd,melissabutler@yahoo.com,$6EjnX,6563fbd9a2a38fa5ccdeb9f950a63ebc
jonesjennifer,garciajames@yahoo.com,&^37Lj,6570869935e6fec2a7753f06d25b61d5
rhondacastro,tmoore@gmail.com,@c3BWu,d98bae90e2ff206d02926180ccdcc5fe
vhess,berrynicole@yahoo.com,(94Kzt,0a4e250828b1add6f1d65bd1bb51a9b0
jacob19,kathleen73@hotmail.com,!S1Kfl,f2947e1b7173ecc76cec4837efc906dc
upatel,rodgersbryan@gmail.com,^+4Lo4,6336e1edd9bf619371686e5764eb612f
kylenichols,david16@gmail.com,*6CTn4,dea03da5b8ca3e692eff569ec9eaa346
jamesmorgan,kellyconley@gmail.com,*&3AIo,422249f936e8fbb2c2e5cf2739d83ed3
kristinelee,dickersonandrew@gmail.com,(5ANs7,43e0bb67802ee54748d63dbdd3bb5ef7
stacy43,michaelbruce@gmail.com,*B6IMj,12d1f06aea444c9b78c7a5e8b74a9ecc
kcampbell,rachelbishop@gmail.com,)3E(sj,ad23e878b7b0bf2ce51b2270fbd1533d
william34,nicholaslynch@hotmail.com,_Z1T2j,3a715ea887dfc73a6d9b98ff547d0b47
robbinsrussell,kathryn56@hotmail.com,@4QGIx,deed80603828ed1ef2682b7687c64f1a
davisconnie,meganpatterson@hotmail.com,%98xOh,492ced97a30756503e1c804666eb8b07
emmapark,phillipswilliam@yahoo.com,*58Oht,192f1fa2d84e6126df3ddb73372d3cad
christina47,veronicabennett@gmail.com,&2N7#q,edbff4916ed0444b04e5bf0aa98958a5
martinjimmy,rclark@yahoo.com,#5Tc!N,5ee3f4f9c810fc8c18a4156b9495ba53
nathan46,anita73@hotmail.com,f%o0Ek,14793997855a9936d7bdf76bbf8b3f49
leekirby,jessica84@hotmail.com,^A9KWf,f5fadaa6fd79bc48fedc423c5e7b33a4
davidbrown,miguelandrade@hotmail.com,*R#9Dr,d17ba0bc957a84444ae3d28f3ea9405a
bennettlee,knightheather@yahoo.com,%0Shz0,b85d70a21b59c6b15c8b23058c10f580
millerjordan,zfrost@yahoo.com,k)49Xy,7688b5a46891e30477902e90a9033c7b
alyssa35,ernestmartinez@yahoo.com,#6AHrx,21ef6d32c9770c8676afbb0c1d06f6c6
csanchez,james88@gmail.com,2V$3Qj,615858cbd3cfc84baa0acdde45f58dfd
masonwilliam,ljenkins@gmail.com,^8@KDc,10440b083b16eee3ab183f4e2efbfdcb
pgarcia,turneradam@gmail.com,t@x3Jz,01bc3238058348bc18c6a52d2fed408c
seanperry,baileycharles@yahoo.com,#1&L*j,df39052e66e5c94aac864924b7f85839
chase02,fpatel@hotmail.com,p%1By$,f426bfd9a647b156ecc6482d07fea7da
victorbrewer,tylerbennett@gmail.com,S(86Zi,7c84cdb32f73d231c9106fb636b3e40e
rwright,garciadavid@gmail.com,8+$4Vo,13a463287a9dd175756902d391fe7041
jessicathompson,jamiesmith@yahoo.com,q(4F9y,a18f3133c3f1c86a19116c46373147de
ericlynch,bethritter@hotmail.com,Q_+1Fr,c7bf5fc7338fcd65c2ca823b277d7323
lynnschmidt,chenlisa@hotmail.com,7(4mNl,099ce0d70acd83610bf60262b9705437
jamesgates,uowens@hotmail.com,G7*8Xj,abc721ecefe8fda3afc685ebb48118bd
patrickmendez,leonardgalvan@yahoo.com,_5NYTj,9b8305bc4396b810b8dfb7286fe14a49
antoniobennett,lopezjose@gmail.com,$lk5Lf,9fa41e5af5894a1ec54a77b138070355
dodsonjustin,amanda60@gmail.com,^Tt8Ba,dc982b9b070f909b673bcbb46d4c6ba4
travis82,zrose@hotmail.com,*4BChs,438463e58cd5b5b80860ad0277db7677
georgepatel,ghale@yahoo.com,)R3qMd,6916f32dccc3d4317d2a5cce5a2821c2
jason17,coxnatalie@gmail.com,Z&8DRv,53f2d27ad7e8001c17c8b09813e59c4d
robertwalker,annesweeney@gmail.com,%2wCuN,9d1598035c2bb47cf01a05b0a9c38755
hendricksbrenda,jessicahansen@yahoo.com,l#R2Ju,b444b78c9acab4701d13855971f351a8
matthewfoley,leejames@gmail.com,$9WSWq,b051cd6866168386c64f41823e363e01
robertlee,douglasscott@gmail.com,of%1Xo,5eba720b9bee2a78e6b103b98055813e
christopher52,steeledeborah@yahoo.com,n@0Tus,a2f674b9ac47226e61ecac60d6044216
bobbybarr,christopherharrison@gmail.com,@n9Bj1,60cdab1faf9ddbbbf1646a986003b03e
maria27,ellischristopher@yahoo.com,$7Sfa%,6470b99391cc3cbf36270fc724681c18
perryian,ianthony@gmail.com,*5Q3Ed,3e8cd0e2b640baf68c18c4811e239b94
mward,hbarker@gmail.com,@0RXyj,def4d6027de10fe792bd93599ab7550a
karen31,nleonard@yahoo.com,#0VHoZ,d034d8324d7473d46d30e5ee8537ba55
diamond25,ldavis@gmail.com,&)6W^f,bce780e3e201ef2276c975b0b7d25bc2
vherrera,davisdavid@hotmail.com,_0Qh&C,5cfac666bf292e212b15b509bbbaf242
pamela60,james11@yahoo.com,&20)Gi,18d89b22919d4e7b5c6cd34c4c276bb4
kellywilson,tsmith@yahoo.com,x+2X3z,a875ed81c8e0c45dab50b40ce609e2c4
pamharris,harrisonjean@gmail.com,V+7!Nn,521876ef391f0a1585516bb81f21e7c9
davidball,melissa82@yahoo.com,S#9Ctf,a2565c3762dbdcb979248ea75339098a
oschneider,lneal@gmail.com,@8bYPw,7b0bea0c429419ea5f5905922ec32320
nhall,perezanna@hotmail.com,F$M4Ir,018fa70aadfaf78effe5c89867cc1b49
kyle59,benjamin99@hotmail.com,D+1VxH,94b015949f3ed702f19d1603c9c95304
vaguilar,hoganlawrence@hotmail.com,&k5GQo,02f9b2cc086ca5117308aab93eda4c43
jessicadecker,johnsonjesus@hotmail.com,^5rZVi,8c0cbf1298681aaba1936be137b94c9c
colemanjoseph,bradleymay@hotmail.com,$1OPns,40a9647a3650646a9c611e1e0a659f5c
wblack,waltersnicholas@gmail.com,^$8Png,4f16437ca30ce5f56e4d763d60bb6c49
angelagray,vanessa36@hotmail.com,_5d1Ta,dae132d5de12e67b3fdf6563f13c4678
millercarolyn,obrown@yahoo.com,_1Ju3@,ae0e90d902e80dadc89a57df16b58593
campbellmichael,lisa17@hotmail.com,^7tClr,57b90740ab4b3ebb4afc4d9ea2c4ee1b
amanda36,sharon53@yahoo.com,&2HiOb,895decbcbf0426949e8bee4d6b6bab9b
cindyboyd,victorsullivan@hotmail.com,+3lWnz,53b19938bf7d55004446ed596cf5cb03
carrie76,sheryl33@gmail.com,%4MYqm,a40fe29c44cd7f28543e8a8792f22867
steven79,rjones@gmail.com,)5H_iR,0f695598f762bc5178a83a9322caffba
jessicaroy,tonysmith@hotmail.com,Kn@5Ym,09c70e588f854f17d5a51dc784338efc
egomez,hannah99@gmail.com,*2T4Ef,8309502620299aa9916e70183fde5390
matthew97,edward04@hotmail.com,_1lUYy,af1c39e27c7485237fe4acfff8d7c02f
isilva,tanyamendoza@hotmail.com,u#39Va,7c5cfc8838d2a17021e049d4ee36c5cc
blake72,smithvicki@gmail.com,)e5nWy,73078b2e16d421aa1ce79323778f0980
paulramos,gleblanc@gmail.com,*3pNel,d3719bd2c63112e4bbf98db6c3048dd6
jritter,kwallace@gmail.com,%I2TrF,21e6d4e548f7412f93b5baa4732af3dc
angelica55,snoweric@gmail.com,^8Vkk@,4a2d3eed6ff9c387dff4ef79319dcef3
robert51,smartinez@yahoo.com,j*9QGk,ff40f9f170d2c95bf0837cf20974e5f8
randersen,wvillegas@yahoo.com,F&p6Qz,978dc7f3abc933286cde80fa837f10ba
edwardsdean,ericmorrison@hotmail.com,5_X9Sn,a27b06d98a8b610e2a33203b24751588
johnsonkevin,frankann@yahoo.com,%!6QrU,ec1af68f40d5589929122c0846c0fd84
joshuajacobs,thomasrebecca@yahoo.com,_7DYvc,90d871d85dacb2cfc734638132100832
susan30,jthomas@hotmail.com,j$9Yv9,a67d35ea4bb12a8bc7ba9883580068ba
robinsonmichael,meyerkaren@gmail.com,QF$8Ht,2cfa5e4b88dca9fe8cd2d0dfe47574c6
michelle60,katiesmith@gmail.com,%L5xWe,e0dc57a9d04fcebbf29a7fea9707ea8f
kevin66,kaufmanangela@hotmail.com,i!2Tr%,2e059748a4f9cbb13c946be834c82b74
elizabethgomez,jimeneztravis@gmail.com,k&)1Wl,25b899fc918098b931830f2ec09ac36a
blake62,donna46@yahoo.com,+4tKth,3ac610d038fb21c5b3051801caa222c8
rivasmargaret,joshuaschroeder@yahoo.com,%5M%Mj,248ac83ec3d7c637b550483c86e2f89e
rrobinson,halekatie@hotmail.com,5x&7Eb,d6e67df10587f55b2bceae6ae35fe919
hjackson,parkshannon@yahoo.com,)9LEgr,1be60556faaad666d24c067cd2c35b4b
michaelallen,allison50@gmail.com,&7ohQv,e73352891287049ad47aa03a3fc884d2
markbass,lewisdarlene@hotmail.com,j$6Rdf,5b7ae01a683911dbd8f0529255d889da
irobinson,alvaradojeff@hotmail.com,^0QLut,75695cbde3f302e58c0a1ce1b0d54752
qclayton,jeffreygriffin@gmail.com,&1UPXv,09cfa2114159bcc2c70bbc8da40ab13c
brownjeremy,donna95@hotmail.com,&9@Lei,8272765a1f2ed16d663e55b1b392b890
joel54,wrivera@yahoo.com,^3W7Cr,80bac3db7745820e45b198f008a3edc7
ariel36,johnbuckley@gmail.com,!Z8UAs,e7b729fff4f64a03fcfd074194b0dbfa
william40,laura37@gmail.com,$8CK&m,235a4892ec29b940c396ba0aa76ded0b
floresjoshua,carolynfisher@gmail.com,%@t4Rp,8f31a43194d01995fbeda9c12e18a904
robertgibson,butleraaron@gmail.com,%!2LUq,43cff39e8d05dfccf5b50bf0f2cd83e6
ifox,lisacrawford@hotmail.com,!4WqaQ,a841237880b0ab84f60c546c5aa3b9e2
hendrickschristine,mccarthychristopher@yahoo.com,_7RCuo,8b764a38ce37f0194d2fa19c54569aea
angelarivas,stephaniesingh@hotmail.com,g#18Fk,4e327f14c975e9445c306e1f9d8dcffd
rachel68,nevans@yahoo.com,%&9RnJ,990cb87048f383de7998ff227abfc260
nataliehernandez,williamskrista@yahoo.com,!2AGpj,1ac266fe97d1df5c4f0888f776fc6333
christopherburton,david90@gmail.com,*53yWn,5765f73848dc3a4343f67da1d52b23ef
wheeleraaron,ashley46@yahoo.com,%1QPf3,2fa56ea28b2ec44535d04dfa8deb7b8f
alisharuiz,sarahbrock@gmail.com,$Bn4Km,759e05e6bd581305aff9951bde980fca
anne45,jacobdillon@gmail.com,##2JHv,08ba2d24123045222044582ea1036673
harrellsamantha,bvazquez@gmail.com,(a3PHs,30cfe73ff50aea2dfd5e7cbf2e77de70
qbrooks,amandajones@gmail.com,Q^5Ubo,9c7ee4d8c77d481e0c025bbe5f63359e
johnsonlori,emily50@hotmail.com,)64V$a,2a690ce467ae1a4db0b4ad9a9b408d2b
christopherjuarez,yrogers@hotmail.com,*5uTPo,340a477e919886aef0a916dc8c5c6cee
cindygibbs,nmorgan@gmail.com,!ui5Rv,960a95511850fbb46771cc5759ac9ef5
xknight,nicholas26@hotmail.com,!9+Gow,086650af591879bcc5174757d2fb62d0
joseph57,kimharry@hotmail.com,@n8TsU,0d9114c6b236a1b00130110e15524570
becky06,nicole83@yahoo.com,@7JPgq,ccf6f67f457ddcd10a40849429cda05e
spatel,carolyn46@hotmail.com,3%9NJb,c7449ed9b114f2442853231ace1bd75a
miguel44,bobby96@yahoo.com,$b4Vmd,fe38c47d4d6e0e51968cab69c59be972
markjohnson,tina56@gmail.com,&0Zq+3,f3639dcb527aade630f21c09140dc40f
amber21,alejandro18@gmail.com,%F9KVz,03e322017881bf68861d4c9b307074d7
davidmurray,stevenjohnson@hotmail.com,_2JqGp,0c5c2734656318b9c11bd1190407a440
joelmeyer,mitchellbrown@yahoo.com,$D6TOo,a31b05fa02ec8c0473257091454e3bcf
ihernandez,timothy18@yahoo.com,(V1Ddj,761987353b1839585884206e2f9eb49f
ibaker,cynthia60@gmail.com,$V9Cmb,1f63cc8553e0cfc094c0321dd15dfd4d
fryekyle,qthompson@yahoo.com,+4GQRf,f2147e697052d5e09d54126e2b70c233
latoyagonzales,laura54@hotmail.com,(69MVl,bef748b96d6ce724c903d4cf34c33ebd
annettefernandez,mcguirejohn@yahoo.com,+2Ep^j,488fa5578981f524bd5e3b56df87b996
stantonjames,bwillis@hotmail.com,K)6Bth,8cd1ccf4c3c968b60b447123a9eeaeb9
davidjohnston,bradley86@gmail.com,*3K7bu,71e56fe0fe915777a50f403f69ce2b30
qlang,jonesjustin@yahoo.com,*8B8!p,edc6ad23b85feef50f5d0c7a99cf455e
uellis,ggreene@yahoo.com,+4At1u,e267169515665b56c7622fdea4438e33
andreahughes,oallen@hotmail.com,%7Eeq5,7e4ba8b264164a3044b58992b5e8ad84
xavier20,keithjones@gmail.com,)8uDki,266266e309be3c06fc9eb45d65678b13
marybutler,veronicahernandez@hotmail.com,$x6VHu,f969c4c849cbc2a1365c551c66599fd4
gibsoneric,andrewbrewer@gmail.com,^51KNe,cc285c40d63de96db0b5fd14b8f9f8dc
amckinney,forbeslinda@yahoo.com,%1pFnr,6b8c0a92b5f0448111359f95daf1777d
lanekenneth,kaitlyncurtis@yahoo.com,a!K7Yz,3a3efe6e099d978de1dc41e6303bcd66
harryjackson,nalexander@yahoo.com,*9RX6v,a008a80dfa02eea2a0bda79875cdb89b
westmichael,brownandrea@hotmail.com,_4VlEX,81b8867d380458e0beb1042720e5a175
hayesbrandon,scott25@hotmail.com,$4GFNq,db81ee7ae9600f167e91f63f448a0032
kylebrooks,john79@hotmail.com,L@+2Ch,6ab3b550862625fec46f87f29506ad28
murphyjoshua,greentina@yahoo.com,$3n!Cu,ee119bd37ee18fc680fac47124c47020
fwebster,coxjennifer@gmail.com,P$3jEn,3c3212c98f32c13afd4b36f562fcca2b
katherine85,christina25@hotmail.com,)2QgKn,274b3d5fd55d3dea13b58b99deb80f70
wyoung,johnstonaustin@gmail.com,%n6Opj,61f1376355a2eb64814b47a344439056
mbanks,mjohnson@gmail.com,&5LkKU,cad1846de9ed0089cb1e80c132df32a9
dudleymark,daisylewis@yahoo.com,&5+Lqa,c85d375eb15f8a5612e3a5745f9917aa
mikayla51,sylviafox@yahoo.com,j&5Mok,d142c25bc023dadfcd7ed8bbe4232933
ashley18,jimfuentes@hotmail.com,$&9Eqj,c17ebbbcd12fd99b8e2bd87f7ac36f07
campbellveronica,mathewtaylor@gmail.com,^%3JeR,1606de02ae55f8a05811fd59f6ca1793
tfreeman,christopher78@yahoo.com,S(+3Wv,18b81096153db759eaad580a21a430b6
zimmermankristy,wrightpeter@hotmail.com,_y2U&f,47b7853a36f10442695f839805b343ce
bwilson,kharvey@hotmail.com,k$3Bfg,b0376814e60585b3bde6cda40e3eb2a1
eibarra,patricia83@hotmail.com,@%2zIf,1b635efa9c933467ed54dd39b8d49a0e
bryantamanda,farmervickie@hotmail.com,l_6IBc,538265156443fb119241bb6668872e47
lmcclure,patricia22@hotmail.com,(84#Kf,2278b4db71bf77fc44a69a8e473dc302
rachel67,ubell@gmail.com,)3Jrw_,4aeec21638d453f3635f31a4948052ad
zrowe,vazquezcynthia@hotmail.com,&@2+Mt,a67d41e8bfad11e4c668c8eebff4df51
jamiewilson,asmith@hotmail.com,v@C4Ka,3bd66098cb6570c2631ab44818afea6b
tgonzalez,hernandezmichael@gmail.com,V@E7Ly,f873825bb2c8302f0ec96567540efdc7
kristineparrish,owensjoshua@hotmail.com,#9xC!z,58ae6ce76e40516931e6aea4f45f0205
pamela04,erica29@hotmail.com,)4VdOr,b5ee428401a4b7ce38b6bf420134afaf
russellamy,brownjonathan@yahoo.com,H+7Fvg,c10076b0d811b24d38719d8730dfeb62
ldonaldson,davidwheeler@hotmail.com,KW%3Ev,5f576fe434ead550d947eb59a507deac
cochranlauren,faith40@yahoo.com,+6FOCx,2251dce381d5ec7beb029b7157571cbf
martinjohnny,courtneywells@gmail.com,+1A1Bf,9f02dcb43cd28f14bbb84c5dc77b63ce
prangel,miguel27@hotmail.com,$2WqLz,34d784e1b8701c07591aa3937a0846bc
nmartin,berrytimothy@gmail.com,K@8ZpK,a072443f85b6b89d8feb422fa066951f
gpark,ilewis@hotmail.com,*D@6Bl,3c3267b4e2e93a03a7e38942e9d0da3d
angel46,geraldsmith@hotmail.com,O*W1Hv,4a4ca0b558b5f4948f2873349ac2a56b
kroberts,tparsons@hotmail.com,E(8A9a,16d416edf19d20b93f52791359c173c0
erinhogan,zwilson@yahoo.com,^8N!zq,25b89327ca5f7907ea38e199f3381ae2
ellismindy,charlesolson@gmail.com,(9hWQe,506298c1d06ac43343569a843e8c1754
savannah43,justinpeterson@hotmail.com,g@h7Ul,88b683669bb2755b870d3241413e56d5
shawnhowell,smithalexis@gmail.com,(^9APc,263e0cdbf0c2bd7fc3f95390c2465070
michaellee,pyoder@gmail.com,!V10Ot,2c88145bf62f9ac5112ef3afb6b3444c
johnsonmelanie,hdiaz@yahoo.com,*7uQy&,37e0210c312c8c72f4ce0c9772110abe
tammycarter,blake63@gmail.com,q*0KcD,7d7e3f3d911a982ee4de5de499b3c884
yortega,millerrobert@hotmail.com,Q*8Is+,be2e76af81158b8078b69aaa9d27db60
xdouglas,wardbrian@hotmail.com,_0GUZh,6fdc0d27edc72934a1a7529d43678484
taylorgutierrez,april99@yahoo.com,$D7Wij,511e6bc2b15ff29b25f41b7eea4e52ca
jeffrey74,taylorchristopher@hotmail.com,!1AF2x,e920de77f3b92260b11a1f7d1724b64b
roachdennis,bowmanzachary@yahoo.com,8_a5Gy,e5e432dad4ff4420fff7bf6c00af350d
plindsey,sharonelliott@yahoo.com,__4D)i,37bae34dfbdacfea893deaa3d008dd99
emilyhouston,sarah62@gmail.com,p)@5Kz,272abab0b3891841c2107e0c7d2059b9
elizabeth83,marisa92@gmail.com,q^20Re,5cb664994d565b1135393983f6b9d27c
bgreen,coryfrench@gmail.com,U#1PLb,5fee8d5b4012747c0ab52d2a11f4264c
janegill,htaylor@gmail.com,#4Sys0,e79b427e112361a341474448edc5f5fd
tammywarner,vvasquez@hotmail.com,L+S1Mu,dd58d01e33751cfb4c32432f5566a2e8
davidcarroll,mooremegan@gmail.com,!0Gq0^,6b377c7fbce9b29034d688c5f57dcda7
hobbsdebra,fosterkatherine@yahoo.com,*W6NgO,e5ad5ba2a3a67aec0bff7035513f6a1a
littlekathryn,hjimenez@hotmail.com,*@4V6m,1efe5248a6002929f78752f26dff0052
lopezamanda,gloverjohn@yahoo.com,%51XHu,3f7817660535fa90be6dd901b04c25d7
laurie75,steven69@hotmail.com,#@8DPc,7c4b897161262a51fd49aa2039a51868
schultzsharon,emily41@gmail.com,y_9BiK,450b50205173be0ca2d607202dd6215d
jeffery00,andrew54@hotmail.com,0_L7Dl,d08b3fd7626d014d440df4b2473aedc5
amandareeves,kelly68@gmail.com,^0wSk^,5421b17c2ca0677715ad1242f9a8f911
richmondkimberly,qlopez@hotmail.com,&5Py(9,8c5f3beddd39a448ec6b8e90108defd8
coxcourtney,christopher09@yahoo.com,*1OXRv,7d444dd43150cdf980c285930608efb4
porterpaul,nrubio@hotmail.com,(8EZOs,9e3f9c74f045ab4406a43f2d6bbb6449
whitewilliam,tammychang@yahoo.com,$b49Nd,e3be72805c365a1a5010e28c3c8658f4
kguzman,vjohnson@hotmail.com,&0Fac4,584f48560add9613519fe4c3b4f6b141
preston60,grahamalex@yahoo.com,^6_X5j,4b4c60104541fd5236d27018794219b3
bnelson,jacksontony@yahoo.com,(2SVie,360ed44181fc45b7588f19311b0d4a0d
rcarroll,michael09@yahoo.com,S$7Yli,46dd8c50837a5c50a6c627b3ae627820
douglaskane,alexandria80@gmail.com,4$2SxE,cc2b3dc8bcc9646eba54517c0113efc1
christinehampton,saunderseric@hotmail.com,%5OsVy,48d483f9be5f4aae6aefcca00e5e7a1f
michellemoreno,heather48@yahoo.com,(9Rit1,7270269274609b3d0c2740c786b8369d
robertsonsteven,stewartkenneth@hotmail.com,@2@Usg,019a4a7e1c812d753cc10288f1001aa1
james54,steven79@yahoo.com,o(7C&h,3d9fefb6f80d20658c9b4d3994755fe6
rachel40,kylejohnson@hotmail.com,^0H!Sa,b8d2e39e01a8f004593df96c09955698
alicia08,lholland@yahoo.com,&OQ1Uw,c1e851a93fedce8d995ac48990762723
edwardsdouglas,wroberts@hotmail.com,R#5XUx,306f899f909cd0924a1d1de387de9c39
penningtonchristina,christopherrichards@yahoo.com,&7Cui),808f344bed954efd9b6291511ecb905b
gthompson,william82@gmail.com,^8Pez9,1cd30a04d20802bb4077010f2070f1f1
gilbertjon,belljane@gmail.com,+z7_Ib,8b852ed23596333bfb1338de8adbd0e5
walteralexander,smithcourtney@hotmail.com,2*P0Cw,ee754095198a485ba50c5246b8e2a1d1
dawncampbell,lori97@hotmail.com,%0QSrW,4db8e5d292c747ca8bd7a5ca93f22809
juanharrington,zlin@hotmail.com,FA%3Sl,552aed7c143b9e7c03cf4559bd415a2a
clarkmary,ywilcox@gmail.com,$1Y0dZ,ded5e4afeaa9d1af0167f58e253f910b
melissareed,jeffreybarrett@hotmail.com,*6KcqC,2c0cf6b9d54aaa58eacd169bee1043d7
rachel63,crystalflores@hotmail.com,^Ir0Vq,48b9aefe2d8c70dbfc8f6cb9fe78cacb
lancemurray,matthewskelly@gmail.com,!q9Lw*,a874ff0440ebe6e7a75dd86f93ca53b7
hahnshannon,patty93@gmail.com,y_1V#f,878e1332b0426a022f15cd3ff2948a08
deborahroberts,zdawson@yahoo.com,^22Wcl,ce5d6bcd20f94a60c3dcf4511bfa7d78
david66,butlerronald@hotmail.com,_T15Xm,8a81c3e280346084afb0cf8dfb3b169b
pmiles,reginapetersen@gmail.com,^7U9m4,f674b51aae255caf43773451d9a0b095
debbie36,thomas10@hotmail.com,O^6Cjn,2bc56ff5a11e7cac40472fb43780143a
mdunn,carterkelly@hotmail.com,T^u6Gt,1e8d585a1248a7632d42b1c0e916e9ab
melissa40,stevenbailey@hotmail.com,!79$Gr,611d507d2d56c1cde190d8c35cc8a7bf
jasminerodriguez,jessica21@gmail.com,#(9YxS,6d7197b06952fe21c95215e2bb16d46c
joseph36,yanderson@gmail.com,*e7jOj,5ecf88095f5560e3d83b5d8efa3e853a
zacharyhart,browndavid@hotmail.com,xl^8Kf,d77d0690a02fc2adb7e4d20be220ae9e
ronaldsuarez,donaldtorres@hotmail.com,^4WCrl,1d331438619d9c9630b9c39188e560cf
ashley83,lopezkatherine@yahoo.com,1@$7Ar,a39ddd670706c37b702bb482ed1085fb
spearssusan,cruzmichael@gmail.com,)a5uMu,5ed20ea9bd580f1fdac20d9e80b0ec1f
zcampbell,tyler43@yahoo.com,%M3C*t,58113ce389d03db69f1f42c21d685fde
alicia71,katherinelandry@hotmail.com,0(1OQv,0bb6658d633a1b3d360616bd6189f86d
autumn03,mezahannah@hotmail.com,_0BeYZ,ac5e6f315a01c80967ee74186e07febc
cindy53,uprice@hotmail.com,*R4ANg,7082cc80a644cd6e07d46f6441fd342a
cynthianguyen,carrieklein@yahoo.com,M*89Xk,81ae7676ce1138421e642c1b47cce928
anthony77,margaretwalters@hotmail.com,f%1Clk,edfeeed6c0f1cdf6fd10767b04341a18
joyceowens,carla25@gmail.com,WC_0Ne,76e54bd25301842f03ee897e88662d03
owensjake,megan28@yahoo.com,_Z2cOs,597016182c749813128b6fce660c59e2
mccoybrandon,jose89@hotmail.com,(79rIa,aaeefb17276d510334b266238da1dc75
tracy34,williamrios@yahoo.com,)Rk2Jc,05287ed838e0198ae0c879cd5c8bb178
henrythomas,whitejeremy@hotmail.com,&_5I3x,510fee06234a36bc9a3dcc6386091af2
robert67,marquezbrent@hotmail.com,#6YCwI,144cb5369ee08e768f191f84167ef6bd
gary39,alicia53@gmail.com,bO$9Kg,b2f1cc9b7cf8a4e7d9b5390cc71cb5cb
finleyalicia,cynthia80@hotmail.com,_4Scf!,ba30f9950e1a83863a6e94f4c386e587
thomas07,ryanmarks@yahoo.com,*9YL6w,55d9a847e8af6552a23359159a11616e
hernandezrachel,barnesdenise@yahoo.com,%T1hBj,08edcdada9486c8d9b3335b578f70f1a
brian87,psmith@yahoo.com,T*5eLs,c2c042e0f01b1b0baafaf51754c9004b
tcross,jennifer32@yahoo.com,!(9UFo,e4fd5c4b894de81de10597eb620d8bb3
mariemartinez,obrandt@yahoo.com,+3Df+W,84001fb6da1fcd130c7343f7acb78104
rachel11,brittany96@gmail.com,$8DOEm,bc2a20e81fb9213f978a2cb2bab48649
jeffreywillis,johnsonapril@hotmail.com,(5Zzma,075fae10b7813e9febd8b2077d1ab7f7
mthomas,margaret96@hotmail.com,)x1OXu,5a23b6c53054e696ab7fc61cf3f0b3c5
kimberlyramirez,yrivera@gmail.com,S+r1Nh,c5b8f2e4e5605a1056523a7eda5fab96
bleonard,carlos00@yahoo.com,^(8V+c,2d0262fc43404b78241937d8e78222a9
mwise,znewman@gmail.com,$j8cNl,2c5c9288dd59ad83826295074fbfddd6
karenaustin,karenshields@gmail.com,!5OlMK,8d37f8c00c3aabfd7ece2c7ce35e05fa
masseydominic,jwilliams@yahoo.com,r+4hYy,931e22896767be5dea0c4fdf2105d44a
cindy75,landrybrandon@hotmail.com,!k9Yx&,f3966c7ed7ed8975c7beb7d687052a80
dodsondavid,kburke@gmail.com,_2MjZ*,021547476662e82fd335dcea6dbafd1a
karen77,brownshane@gmail.com,9!7VGe,6b6c5cddae7df4777b9cbbe6f3fc4846
ddunn,edwardschristine@yahoo.com,*!b0Ex,525f1001b769d4a285292fb5bfec3109
hesserik,maryrichard@hotmail.com,_7A#cx,952c7dd9cec12b869ccdaf0052f20ac3
jconway,buckalexander@hotmail.com,^6W1Kk,6adc0faf31fa7137adda42d962d6f294
caldwelllisa,qwilliams@gmail.com,!2HveG,a6491052859002d6c48473c01d39d009
smithjoshua,hansongary@yahoo.com,&1Mc3x,78d02f44a5d8209029f3b10122594764
turnerdavid,lindseyderek@hotmail.com,#K8IBs,c9e9762bfe1aaf7205ff85ef7ca4622e
gsalinas,evansbrooke@yahoo.com,$!0Rxc,644173775c4269ab21668e3f97e60407
pgomez,gshelton@hotmail.com,*^7L_f,54cc9e153ba1cf29395bfd2182cd7a22
brent93,sarah63@hotmail.com,#6*4Qq,faae53b4466d6e097768fa2e5fed0ac0
nelsonalyssa,cpatterson@yahoo.com,n+4ZMv,ef15795d55acb3ca8da13e6e505fd9cb
kendra74,ppeterson@gmail.com,^0OQXm,65f3c5bb34867ac0d9ed9adc60129847
rhonda56,victoria35@yahoo.com,_0jWdf,d689ea718d5d0a2aa75c2716fcac935a
cordovamicheal,xatkinson@yahoo.com,#6Aeiq,68b4651c4d336827fbff0382b53bad64
gregorydavid,jenniferbell@hotmail.com,#kc1Sb,888d98ae2a6a13754e8f75b7a9870b0b
dennis92,stevencoleman@hotmail.com,*(8LFj,022b5f72bf12712bfef67dc58e528501
ofuller,lowelaura@gmail.com,&$9Yh$,946e1d31ab4ed759c4504a485894393f
svalenzuela,esolomon@yahoo.com,+#63Rk,a0b61c9ddb38f7bbcf3c7a06d560f196
vburton,cassandra40@hotmail.com,#8Dlfr,8ee28d598606f25ad0e7c382f3af12ed
lisa89,alexanderholland@yahoo.com,(8Utmj,807abe3b86dd6034ecf2efe4a9560c99
mmartinez,peterirwin@gmail.com,*85EiH,18d0d744c772d6efefbca605946dd153
blakecraig,sjones@hotmail.com,*8VYjq,ee33bc9a4a759fa23b875f71da74abf8
amandamorgan,warnerraymond@hotmail.com,_0vNeK,e5a238372791a4f06c4b73cb852e4625
pmontgomery,webbcorey@gmail.com,7(2Pr),c4cbf5047d8a92302ce9f7e0e2f06a48
fernandezdavid,susanpowell@yahoo.com,!7Hgw^,d82dee581b914c521da945813c08395b
lopezjeffery,lopezjennifer@yahoo.com,)7XIqU,3be67fe66f30538616c8394ec3f3c85a
jasminehall,munozanna@gmail.com,9&1YUr,97584e33572ddbb25d8526254aea09d8
victoriarobertson,pjones@hotmail.com,%L3qHh,4f502d3e85bce9a74375ca2351074c75
paul26,amy53@yahoo.com,_*0Ove,795b32b8907df74aa3326f85162f6517
sheppardjessica,shepherdashlee@gmail.com,z5!1St,1bf1424242147fc68ce52a570c44c7c2
ghuffman,harrisdarren@gmail.com,^3E9bo,35fffec242b2f016191a4a9733c230d7
nicholasjuarez,petersonrichard@gmail.com,a&8OVl,2d2127665eb21137c8ed0af9bbfb57bd
vincent61,nataliehenderson@yahoo.com,*BJ4Vv,80a5552252a88a9a0736f0b53cb314e6
rowelorraine,jacqueline22@yahoo.com,_9W$nl,6dce2f50a04df3cf20f0f27b03b5bcb7
alexanderdiaz,james94@yahoo.com,*0lXdH,5b01d77dec21140217677f70e24b6aa8
catherine46,adamsjessica@hotmail.com,(1Ap^U,4ef93368a950821f7cda55b86b67dae5
claudia16,sydneyhawkins@yahoo.com,$2jOpi,0876f6295b90f5d21c2cd08ccea6bcd5
kvasquez,jasonmorton@hotmail.com,@(8XJn,56578959dba07d94df6d089017b6fdfc
egray,katie90@gmail.com,+0Bj7P,58c65fefc55061dc7531ef842c079e27
dawnsullivan,leetaylor@yahoo.com,!0pScT,6ab22b3c19c47696326f5c6f20dd23db
charleswolfe,cameronelizabeth@hotmail.com,#)1zYj,d2fab7a67f3be7a942cd8f1c66095ab1
tiffany47,teresa60@yahoo.com,+m82Le,77f1a3488548fb8e6e06b976f6e58f22
lindsey16,cainbridget@yahoo.com,!1NjzK,0ae3b215a628b491892f3c186c9bea17
michaelbeck,vegamaria@hotmail.com,*5N5fu,4fd6e4d1e84153a8a8776f84154ab6b6
dannymaxwell,brittanyrosales@hotmail.com,@V7Aqe,35e9af644651bde25126d0376bea5ef8
marksmith,janetaguirre@gmail.com,_k0RsM,31e8f51739f946a380efa80c5ce91080
hroberson,velezbetty@yahoo.com,#2Jze&,bc4b8210d1d4e42dcf60282785ab1a88
richardkirk,evanmendez@yahoo.com,$7Mfhe,eed387e20c53ff47c8e7b7a5433e9c50
james15,marissa08@gmail.com,)+7Jw&,9b5fa88b52502855c289b92502c6a9f3
lruiz,stevenmorgan@gmail.com,_Y6#Pb,fe5812352384ae4faf46a9639fac2e31
peterpalmer,kpeterson@gmail.com,)^5Lx6,ed6a5b9d78f2dbf2059d827c93e2408a
sonya33,philipryan@hotmail.com,)4Hpyb,f323b414765a9c9b2f1196fc8f37f4e1
edward91,thompsonwesley@hotmail.com,+4Uhqw,5c0371963d3aba08047bdb0059183dee
carrollemily,jennifer58@gmail.com,%$^2Pt,3b9259fdc81f10e67062d594e4724b01
tolson,eric07@yahoo.com,^63Cb5,682e4b3b9874cb05002249335fa4fe0b
carlgonzales,martinezmichelle@yahoo.com,+#3R6a,29a12b6782873158fb5f55d3375f7697
karenbass,whitelauren@yahoo.com,@e3ERu,8dfb0207249df883c7461eabb7dcd8b1
brycemann,tholmes@yahoo.com,%0Ngt4,59629c576ff700e5e2123cd088abeb47
kboyd,joyce87@hotmail.com,4%@6Hs,7511c427bf323683f025edd77c115abc
dawsonjeffrey,luis71@hotmail.com,@0QWsW,19a120a7966b501664bc1dcb5e2aacde
adamsjoseph,holdenkendra@hotmail.com,*6vOx$,6dbbd576a075526e569b742158c7c42c
tranamanda,jamesburke@yahoo.com,Z@23Ir,95e56b66d122b41c225ec10c510b209d
srobertson,dlewis@hotmail.com,#3EijV,9e476167c059e45e4e3fed363d51680b
bsmith,johnbutler@yahoo.com,_$8tIo,218a77c48512c3361dc9b11308778a0f
lindsay72,sabrina38@gmail.com,U$8Tsn,44ec2c24233ed08f7a1dbd6252c4f3d2
awatts,wjones@gmail.com,(5__Mq,494c17090f28893c1ee8bfc2c5b05335
ryanatkinson,natalie44@hotmail.com,@0LN%x,07bf1417a975cce24e0ee63b457e3615
ngross,julie43@gmail.com,_11LlZ,4aadb2b5e7931db31c346c7e3dbcb430
carolynferrell,williamwade@yahoo.com,)!R6Cd,9f4aca30dd6e064470ba675095df7382
lisa13,gloria64@gmail.com,&J3Did,11c918cd0619119be8ae36333da8601f
angelaowens,john90@yahoo.com,D^9Nbz,cb55e3f854c58746e4ee99da65d6fe0d
isummers,ubrown@hotmail.com,(X0)Vo,91eb7ffb1e709106e7e33acf6ab3e412
nle,jmassey@hotmail.com,s^3rCw,410edd82c44a67a45d53febdeadcab55
gperez,ghunter@hotmail.com,!3X6db,75924ab1e0e8bee27a3adb07cd93d33d
rodneymartin,nmason@hotmail.com,#9ZVJs,05fd1d7f78225f31bfef6f6134847296
walkerteresa,gregoryfowler@hotmail.com,gZ#5Oa,405d792a6c9af032870722f029935dd6
amy21,tina66@gmail.com,)S2BrN,1ce3ac88a50577676f914833d34c628f
zlambert,turnerfred@yahoo.com,*5M2Zv,fa554e2ddca73fd8d85c8199081731e2
christopher59,melinda36@gmail.com,n&S8Qe,e94f8645712245faa808ec9066bfd086
lauren58,curryjerry@yahoo.com,n+2_Hv,427ba9dd427c75c100b29481d77a5c62
bakerrobert,ashley60@yahoo.com,b*t8Cg,d72f3a1979c927e6554e04096f0529de
taylortheresa,nclark@gmail.com,^6RzJ$,53bdad7f12ce44e0515f84348d9a3b1a
qbennett,vsmith@gmail.com,#(04Qh,9c20feb8ffe84b08a8eeb46017affc52
mwest,mclaughlindawn@gmail.com,&81mRm,555bde156c117f9644ccb16ef447fb1b
josepheverett,jennifer86@hotmail.com,)9JEqk,5b9dcb71f260a3410f1a473fb2c094bf
allenamber,jennifertaylor@hotmail.com,m!+1Yx,9e4397e77178f1de9e278d194fc36331
keithcarroll,lsellers@yahoo.com,@tc5Qq,4a62faf9b584c36abd23aecc1a70c81f
bill18,stephen39@hotmail.com,!o&0Br,5b57a9484e6a48578675dd7039521f17
tryan,cookgeorge@yahoo.com,(3$OxY,7546c14b5412aa0b5c7e686bf81e7363
ocarpenter,kevin92@yahoo.com,eN!3Jy,4e3f93c6db29d3a2d7f7e59a48ed371d
mharvey,evanstanya@hotmail.com,+58N#v,292a3133a1486131fd00998e845d8dd1
deborahharrison,nguyenscott@gmail.com,(7ExFb,55f0a53b6ef9ec855664609c9bdeae08
johnsonmelissa,luismcneil@hotmail.com,&2Lfs),8b1773385fa2b0279dcac3759b7f8a78
vanessa82,wsmith@yahoo.com,(8Nhb^,2c95c8842bb4e27eb2c02f03cc5cacaa
pamela53,edwardmartin@gmail.com,_1jL9j,da3f8367ff01c33bcd0e63c1d427903e
jennifer79,blanchardlori@gmail.com,J*2T@d,234c59fcf98bcbb246d25804cb9d16f2
afarrell,obarber@yahoo.com,)2rYgt,959bc8cc467c00fc47fc2025a458c8e5
briana34,victor77@yahoo.com,^5LIbA,0b27802b97dc542760802984a3c32159
edgarporter,david33@yahoo.com,B$5Bos,d9e62341c64e80970941954cdf291129
dean19,emily01@hotmail.com,(0XwmU,c9d5a55fcb918e76f188325964d34ed6
williamsrobert,brooksabigail@yahoo.com,v&N0Sg,ff6b14dfbab45313886b92cfa69e1579
barrettthomas,fweber@gmail.com,#a2QJx,7b987c94e70f87493f629cdc9b23ba0d
david92,cdeleon@yahoo.com,*5NenD,c0b9964e9edd4d5a2e4eaf2de510fd08
charlesalvarado,stevengould@yahoo.com,_2AZi8,4fec02ac51ea7a50b20e51e39bac7b4c
shelley08,stephaniehunter@yahoo.com,P^9HUc,36159c970be3b98069452786b50e0aed
gscott,frhodes@yahoo.com,+60Apm,251a1f2ea05dd3b9e28d78251f4b492f
lawsonkathryn,kim47@yahoo.com,)*1LpI,2ba3e9fe0361cc7004f38b6b268bb048
hodgebrian,kent90@gmail.com,%6VROn,dd2c0e1a89cf0a345fe9c597d8dfd2eb
sarah09,haleylawson@hotmail.com,@6rKi@,4fe01c48bb0a776dd1f409a937e51c63
jay75,zmiller@hotmail.com,#I4XWx,fef6b37061582ff3f73ead84ef4e6a6f
adrianhenry,emily91@gmail.com,))07Lw,cb1f2149d93659d7002ab960bc495740
spencerlewis,odomlori@gmail.com,)H04Qa,8bbe1be8fb4cc3cbbdbd714c0b312e8d
pamelamalone,alexander90@hotmail.com,@7w+Ub,2f69d89b7201aeb84ce12d19c03e7ad5
benjamin89,benjaminhurley@gmail.com,)2iIMd,d87b8e2883cb964b5bb93d638108b6b3
cobbangela,xgibson@hotmail.com,)1JvHs,2e7785a7bed8de552de25d0dcd931e5d
jacksoncynthia,jessica34@hotmail.com,)6OVgs,5310f9e62f8787d413ce972d346d36b4
lopezlogan,melissastone@yahoo.com,!0wTXu,c97dabb4210d902df81ec8eff6646440
hubbardjacob,rwalsh@gmail.com,x*8NkT,869570ba6998c681b6e6818d76e3ecc5
bakerjean,santiagomercedes@hotmail.com,G#5Wem,1928083ff9bf94ddd6fe4201679d80a1
zhoffman,jbaker@gmail.com,$r8Y%y,2e742ef5cda5c5635d42c79c8d155680
samueltaylor,pamela00@gmail.com,q+O6Fh,4f8d5e28d92f4a1c1208a2f43df175cf
dennischambers,reillyrenee@gmail.com,(5Ugg8,43e88ec3ac3270d2f4d411dc9d4c1e7b
zwebb,evan14@gmail.com,^a1Je^,d2d692c37c9ba1722ba78740f628c488
rubenrodriguez,scott71@hotmail.com,+Rj9Uh,03002c7d8753036e2226485c1b0bd350
kari55,george96@gmail.com,@q9Sga,376b02fc7d8847f94ccff16e923cd94b
gramirez,lucasmelissa@gmail.com,Q&+5Em,fc33e628e0142bfe8450da4536d3a50c
robert86,yking@gmail.com,m#)0Zz,7e4a50e70beae355063c3ef85c5194d5
paul67,kristen70@gmail.com,$61*Qe,a4a771986bf2f8d4f7d5956d238139d4
randywood,douglasdawson@hotmail.com,%6TnUF,a766f37c5579a0a88e099b509a8f04b5
aaronhorton,emily48@gmail.com,F&6San,a902ce3d75da693a7c77434bfa8e0fd9
thomasmurphy,smithdarrell@yahoo.com,#mF8Ya,6aced4e06df5f9945e29e0096d06b2bc
jhernandez,cindy66@yahoo.com,f*1FoU,c429ff6c182f2a055c7338496b9823f7
qcastillo,ellisjoseph@gmail.com,!6Dhlo,ca38767f9a052076cd8e11aae06c8fc1
hpierce,whitejoseph@hotmail.com,0@2Let,984d2c79c0f013560eca794f38ad0365
floresanthony,kellytaylor@hotmail.com,!(4eRk,d5cffe5632d1eddecfb820ea3fe665ea
fostergeorge,bryan50@gmail.com,m^6Lb1,cad9d7d952ac8fa01aacdfbe198a3252
andersonallison,collinsgina@gmail.com,a!9MPy,c5d0a8424ca7cf064a0d53f551e8f05e
xcarpenter,john60@gmail.com,*8P0yC,9a977d55091d95091369cbc8bdbbe5df
christinaburns,mturner@gmail.com,(M$9Vj,ae545da59dd945afd2f645b592a5211e
david09,rodriguezkaylee@gmail.com,u@44Zu,0bd450efa44e52727b41074fe0a99975
david33,mcculloughtyler@gmail.com,!R6Zk^,22f7d3181727ce4ddb1dfd171b1cdfe4
dennis03,brett88@hotmail.com,%2@qMd,20739a0a32fc7e164cc698cd1b239e93
butlerwilliam,okoch@gmail.com,s(3R_e,5efcd3b80bbff3dc6c0ed42209260ad9
michael47,dana72@yahoo.com,(M2Da+,0fa450992c22204bb7f0139c04929ba8
deborah26,millervanessa@hotmail.com,Z_!5Ab,878235d1c01cd5e9ff7ca36fdf45d795
fletcherjohn,normanelizabeth@yahoo.com,s%0Pai,2c419e536c0e0919977528db00704d70
nicolehenry,maryhenderson@gmail.com,%8JUwH,06466489ed7a0997b44e30e6041f4d55
zhaley,emilysoto@yahoo.com,f*0Fks,543c363fc80efc59235d41ba218334e7
cynthia23,kendramoss@gmail.com,))81In,674f7c5bb37a1e8597615d54b3dc2fc6
johnsondonald,brent08@hotmail.com,U&1D(i,6864c21cb4e2e1071f99992526444c35
kayla96,jessica03@hotmail.com,_3I^7x,344c0f19a8530ef561f48e08f5cffeb2
sarahjohnson,franktaylor@hotmail.com,%3OCms,cbb8d96b5a7b0eb368a2d1f041f15f12
zryan,jordan80@yahoo.com,^35Wjy,1edeee4e3b0d74229df7820ac57ee534
andrew46,jhouse@gmail.com,IP_7Jy,b0f2d4783ee007aede79f327335fb411
ashleybrown,mjones@yahoo.com,(3oAPa,8cf34410575a07c1690a6049445882db
rhoward,grantphilip@gmail.com,(H9B)u,48031ab7bef1fcfe4bb06e99e314cc18
shelby27,rlopez@gmail.com,_8KZsk,8f6c4cb47499528a7af40fd07473a4de
heather02,fhill@yahoo.com,!N8OCl,b6094c19f2afdfcb205410b1a76fcc0a
josephmichael,jennifer93@hotmail.com,^6VghZ,e708062608c910ab775c580318955b71
bmorgan,sandra68@hotmail.com,l&20Pn,2e0e92ed767a4b818905724ac902d0f6
heather36,whiteeddie@hotmail.com,l!3SBw,804bb42504ee76559f1baf714a78aeb1
cbarrett,ricky19@gmail.com,@5cCYf,207f42d6da847b95f63c55e840c0ab6d
ricardoolson,jacksonjerome@hotmail.com,*^h9Nt,e111a278a179d8b716cd2100399126b6
fosterrobert,paul92@yahoo.com,$O6bSm,0b8eef56e6609bf84c50936db41af3cb
brittany45,allison61@hotmail.com,^5QB!z,4d51e719da87cb48660e662f690dd287
burnsrichard,smithjoseph@hotmail.com,s+9Khf,7ebfa871a51f07e339939123c564b96f
fvasquez,christophercox@hotmail.com,(0Smbm,8413f00b35b30ec87d8b3c7c0c666901
ularson,jeremy91@yahoo.com,&_4Esw,6d89c43f4a834cdb4e0d10e45f0eb327
jjones,brockandrea@yahoo.com,!%9HEl,cc69e913d684430be550d4de2fc98c2f
williamsmalik,wfuller@yahoo.com,k$_8Sm,da2ea72a9393a2b23447f400bddfb206
tararaymond,garrisonvicki@hotmail.com,#8N%Ep,cb88ffe66ea85013cd3b3948d00ccbf0
matthew08,samantha19@yahoo.com,k!12Wk,86004ba7e3aa1400917de7c0ed8bce66
diazchristine,thomasmatthew@gmail.com,Je$7Gd,cff82678e9e5ee8f4fb4aafc5d6acaff
smithshannon,pfoster@yahoo.com,(6zwBd,49156b040002a66e34b52f49a2ac10fa
foxjonathan,umorgan@gmail.com,gC)9Mr,75d1a648b63f26777e8f6e5791a3b6f6
oortiz,adam46@gmail.com,S(0M8i,c75b2cf80593332053e707bf6c7f361c
emily80,vincentritter@yahoo.com,(*i3Au,0f60907b55f94061959d3a5cb2d6bd97
veronicabarrera,jose66@yahoo.com,_42JLn,da53518037a4c6e22359390f316f6adc
jennifer57,stephanie88@yahoo.com,+4kJ@s,7d3f6246942b4fa86232f9f9f318fb85
thomasvictor,shawnjones@gmail.com,!6Uro2,bf80c19bbf9bdac1aa2b50924599eeca
bjones,rachellarson@hotmail.com,_5QhQB,e237039facf2e2e753e8860d8e98e9b7
kimberlymeyers,michael51@gmail.com,4@3Ikg,f29f8d54689ed829b31498cecb0ea063
porterjohnny,johnpadilla@hotmail.com,*t52Kf,cb297be896285ec5319f20ec73aeb589
robertodonovan,omiller@yahoo.com,g$6&Mi,ce32bca0df3c8819831dd1f42e1cada3
jeremiah77,ibuckley@hotmail.com,@9SVrz,4574a0c1cc4dcf4f0dd360d578841d04
vmendoza,kristenmiller@yahoo.com,jm$2Gz,bf231d8b55ebcf38d43ba6d7a7980d58
kara30,reedamanda@hotmail.com,@3QriS,e7097cd9793659d04c777db0d3c8352e
fdavies,yrobinson@hotmail.com,A%9Qks,4d0c7c36e2b2119673727aafad3fa194
courtneyaguirre,newtonrickey@yahoo.com,!M3Hq7,235053be3e8b4918966a246141d560ec
christopherpeterson,alecpreston@gmail.com,#+5Eu@,439fb561fe3eb2e12fc506872992458a
ejohnson,mperez@gmail.com,@7UIGp,b8230b51624e37d9cfa35c8947273568
brent67,emily58@yahoo.com,+4UDdq,8692ba0a1abc1609f16a3a518fd392fc
emily87,johnjohnson@hotmail.com,@#3YpQ,73b5eb6f59a211d2db0b389ea737e070
logan20,john23@hotmail.com,R^z1Gm,c83220d45d1ba2ca574425de6fbb7b42
kelleylee,ywood@gmail.com,_G2WxH,ad273b566c9591869d7d9cb1cc24e4d8
michaelvaughn,jesusdowns@gmail.com,#0OTyz,0428e549b894cf2c34953652fb315e80
susanbrooks,barberraymond@gmail.com,+2ZapS,812ae90f956677dc2895bba5d3144386
myersebony,jordan76@yahoo.com,H*c7Wk,33305e57d032069f624268b19a91a479
jackparker,laurennelson@gmail.com,G(#1Qw,b08250f3167877e09c9c0156b8e81f1c
thomasroberts,thomasjones@hotmail.com,^2jSHm,8a3026226106d2e452bf90c24ace9175
virginiawalker,wilkinsonheather@yahoo.com,(4RsFr,2a69b6086d4c14982593572e95443082
deborah48,adriananderson@hotmail.com,*6K+h),9d365dfe5e0efea3240b7d5a19ee5630
davidgreen,bookerjames@gmail.com,%0D##d,efc5b5f523c2682fdc85d26c48e41df8
jacksonjohnson,gerald59@gmail.com,^8KHfo,be5135fc7a30fa790f3df773012337a2
tinaperez,laurabrown@yahoo.com,8)N4Iz,3e688698a9747fb5ad51951c518d9eb4
friedmananita,williammiller@gmail.com,L#$2Rz,fe7acffd70f8855f9b8ec4770629d932
lindseymargaret,acarlson@yahoo.com,!Y%4Wj,2cbfd00c75350788c77e39778763ed57
tstone,nicolehammond@gmail.com,%74Sp_,694d899e6b24ff7a0b92ca66429b4c36
okidd,whitedavid@hotmail.com,(2LbwM,23a953fb0042a8dc52fee816b353f0d5
nicolemaxwell,timothyharper@gmail.com,@Zd5Eh,992c77939f34cb51a53dd4607f955185
ymeyer,paul83@hotmail.com,+L6uRl,e0116e87e09b66fb8251f4820484e91a
lisa63,daniel42@yahoo.com,_#3XLi,e54867353f8a81052c39de01aef3597d
thompsontony,smithbrandi@hotmail.com,5!0LWd,605e2dee124dca2b2c3ee73d1a9b0000
coxjoseph,darylwright@yahoo.com,+1VQ%w,3ece367fc4df37de3f2b21f6d096a7f4
kpayne,kevin13@hotmail.com,%0RNuv,e2f15af7b8c19b8283e15aa39b315ab8
aaron24,dolson@gmail.com,%3)L#c,3e392f50703a4a10430743adf3bd439b
makayla78,jenkinsmatthew@gmail.com,)4Br9R,6406077b9c1a2423130a92b18260cdd0
haroldwelch,cynthia10@yahoo.com,%8YQih,89b0425782b3cf61c84d0d79814c4b20
uwatson,lopezjorge@gmail.com,X#6DhD,8f5d21c461f400d71e50c834c1e57dc2
edwardphillips,joshua88@gmail.com,#c0Pod,b4ea4c0d67bfa0e199b0e86f74642653
robertmoreno,david85@gmail.com,z(_1Nm,1ea3ac5df8de1760cca4f5067e3ea260
kylethompson,rhondablackburn@hotmail.com,V!6FWz,5d1fbf8af541f48b06703ccff83b0ac0
lancethompson,adrianasmith@yahoo.com,$W)4Yr,7015dfd6e8ffcc4a6c03a587c063fff6
wwong,nicolecosta@hotmail.com,*KC2Kr,9de01cf5fc03eb251b09c1a2b3bbd677
owensanne,smithjoseph@yahoo.com,%0uA(v,008c0732da1f59c73105f2e175ffccbc
jensenamy,patriciavasquez@hotmail.com,#m6Wu1,66049c23495b3ed5d6d118256d48a5bb
johnsonjames,bobby90@yahoo.com,_5JFdn,414a46546abdaf060444e8f18cc03058
bill00,kristi14@hotmail.com,%9EyGK,4ed5434a4c94f67a4d4e252d5d8e0b63
yangdebra,alexanderestrada@yahoo.com,9@8$Gn,3fa8f9d716910fd75074a7603af29fee
oharrison,mlynch@gmail.com,x^!0Qk,223f6be5d60daf73ccb9b55a7a31aab8
mstewart,elizabethstanton@yahoo.com,@B0hWr,7a1859106e3d1dc8f773a319f160b546
hahnlindsay,ncollins@yahoo.com,)H5OLa,8ff3257d72c23a0f6c8d29df79fbef2c
mary07,hartanna@hotmail.com,!8TJua,0476e6ea18c056c53ca608d35586d382
watkinsana,tanner79@gmail.com,6&9Hoa,1fc431dd07ac4db7c0a1436785d3680b
ywilson,jefferygutierrez@hotmail.com,&83Gvy,f3c72b80177d3c9bd615ca73bec7a3ac
elizabethgreen,aaron55@yahoo.com,$7XJbh,dd7c0eb199d808208ef5f5c02f0e1bb7
mitchell80,briana26@yahoo.com,*T0Hfm,08744f277253d9b34857c677d5de0cbb
mistygonzalez,dmccoy@gmail.com,&)9AmW,c1c3831e61852437594dd49835422579
dawnanderson,joebrewer@yahoo.com,*bv0Lx,ad332ae2c147342f229b7b63aa50fb8d
martinezbrad,rollinsamber@gmail.com,%4pCgf,c597eb8661c5b30336173fc1b4be401a
linmichael,lance82@yahoo.com,+4$GKe,ee50307fcb29832fc1116384cb6d1ed1
carolyn79,tonicunningham@gmail.com,(4q+Kf,24f0d450a61c42bae8defa3e3f26aa02
websterallison,moraaudrey@yahoo.com,%6A3Bd,c6557111b685d8444e87131a62c636c0
ujohnson,brownrebecca@hotmail.com,)9Km6j,37e9346bfc8ca42f49459e623fe191fe
jessica16,johnsonbrian@gmail.com,&8DH@s,3d02fefa651c0a27f7aba1831e83373d
nicholas96,lzuniga@yahoo.com,R_4SUs,7b5e5af5a74bbe994de41202b746ecdf
zmanning,smithjennifer@yahoo.com,)03FYl,511d9de257ba7b03060df82f08ab4ede
lisa09,amandajones@yahoo.com,+3bGnA,44827f28a5f1e7169c6de5f9c76f622b
dana86,adammurphy@hotmail.com,LD+6Xf,06ea63c665320a2ea78bc985c37e4f07
heather12,edwardsimmons@hotmail.com,@4BgBt,48e0f80442994658869790b88f4fa22e
lisarodriguez,jennaharris@gmail.com,I)8XEi,2108203b151445a1a6ca69b0d437cbb3
parkscrystal,kimberly31@hotmail.com,J#7YMz,5904005c7b361dafefec68977ab23bb8
ohall,mark69@yahoo.com,&Ps1Iy,08ecfadd4920f25ddb5a27cec47bd7bf
sheliaharper,melissanoble@gmail.com,!49W(m,86ac5975dd8d016f153a23f0d7dcc6b9
bethany65,amber85@gmail.com,#5HX&d,fcb4bef6677563a7699c83b93e5f57ba
bgoodman,david52@hotmail.com,(4TJ^n,4e29900b44511be233b1da1a6ca071f5
peterskevin,michael92@gmail.com,_2PjI#,66a03ed1abfa4316c4bb7bc89933b317
courtney85,angela29@yahoo.com,&5*Fb(,ae0c78cb2347eb5246418498c1808a84
kevinvega,lowekenneth@yahoo.com,)&1EUz,be7e3c29ee1df75f30c34e89aff6f4c8
benjamin09,xduran@gmail.com,(*7WCf,5813780c914682fab927a890f58a237e
erollins,michaelmay@yahoo.com,B$3Ume,fccd214f5ea7c1d0f125cac5dd0536e5
theresa45,angelamorse@hotmail.com,v&5Thp,ffd40c9acbaea94a6f6f56f6b4b0832d
dolsen,ifoster@hotmail.com,^7YKWz,d122f40efa5048b530d36469076d79d7
zjones,lance01@gmail.com,3_6*Ee,369e8e8184ca2358bf25c69c3c9f6fd7
bpratt,gabrielle04@hotmail.com,_88Iq#,0c367848be4a1513f61efe87e0a70049
leslieanderson,eheath@yahoo.com,V(4Azc,e7aa2d7f3c4b29119a3e79240f343257
bryanbrown,carolyn49@yahoo.com,!N8Bx),c5c947cefcde019f9111cfb0fc3f473e
dawnhooper,lauren58@hotmail.com,P&9Sj!,b63b3c82a0c8548bd81da6d0d118d1a4
tiffanyroberson,veronicaatkinson@yahoo.com,s*6IXr,3ec6625144b74c980577b11d7cedbb3d
dpatterson,joseph50@yahoo.com,y(0Hg1,3c4adb9c3b0c2318c30400d48d7dd0fa
matthewthompson,landryalan@hotmail.com,M(1+Xt,d2c673bfdb8d26c81eae6ea4a40bd9ae
jacqueline03,lowejeanette@gmail.com,%$6KJb,e2b8396c04a1c7c431d2ae5a7525a322
jenniferdavis,laura01@hotmail.com,1@8H_v,e86e490d907c7abaee45403bf1d09388
ryan22,matthew79@gmail.com,Y+1vRw,d6aafc43ae82f6065e41365340ae816d
david62,michelleguerrero@gmail.com,*r6Ogj,00b55468727e2349493bc64d049c2f7b
ortizjoshua,mcintyrescott@yahoo.com,%1DRAw,673034537b10dacfa8138fefbe7b7aee
dianawalton,knelson@hotmail.com,#5S*rO,fa31c9410af48bf0d10ded1b4c030c6f
phelpsangela,kristensalazar@gmail.com,!4lEMe,00479ecd7fabaa357c88eebcb207198c
nrandall,catherine44@hotmail.com,%8TqJa,0841a491e8adb32c1b9945d6c88b6bd5
parkermichelle,jessicaolson@yahoo.com,C&8OmT,20fd137dadcb83e596a73062f5cbc526
theresatorres,johnsonjoe@gmail.com,%5Kat),ce91f504cd5fddaaca8498e3898ae320
lynnmcbride,jthomas@hotmail.com,q(4NOx,50885d4a9ba7ad8de45fb56f776c5508
yhicks,dennis88@gmail.com,(6Ugvq,17282e3b1d63e490ecdbdc57462e50d5
rodriguezmarvin,scottmartinez@yahoo.com,&a6D%b,c0a0494f3b9e1e3be78bb2a7299566c2
michaelrush,cunninghamtracy@yahoo.com,$1P%y*,9b2a1294df3218f61dbb4187213f92bd
shughes,michael64@yahoo.com,i#0Zmi,240f47fbed7be91935e1549a09310517
millerkenneth,ggonzales@gmail.com,#R3Nv^,e11dd59561e22d95310b61e1874fd71e
karenblack,nicholas78@hotmail.com,%8Zyhu,191769bb3440d181946583dabefd305d
smithbethany,mary16@gmail.com,(2Wv8s,90a4aa1d404a732b0dd19aec2faf9c8d
moorejason,susanbailey@gmail.com,!&V6Kq,8192ef7e0710f9c092bd2c32d870276e
robertandrade,noblebrenda@gmail.com,$3eFyO,92eee9ab68083a2e044cda83f88c128a
leahmendez,dcruz@gmail.com,$4Hmna,a3174c547f22202ee9f496811d54451b
danielwilliams,adammcpherson@yahoo.com,)89QvV,dd92423479f725ade425731bb4425992
whiteshannon,rhonda59@gmail.com,^h83Ue,fb62a0258e2b9a39bcc715e1a1a7c657
qshah,ohurst@hotmail.com,+2G%5q,722b33069d5bf2ca2f88fe255c5ff14e
barbaravang,clementsthomas@yahoo.com,_*8C$e,f7079e070e8f5d4f7d386b0b7099f845
jenniferjones,millerjoe@hotmail.com,_95Jmv,9dba8e8228ec604e37ec75471ea02bed
jamesgraham,calebrodriguez@yahoo.com,H*38Tf,22e43e8b27915c7a7a6b1e3b2c32e1f0
fherring,kwalton@yahoo.com,Uv@0Pu,7647aaad5299674d64c56edc9449bfbe
scottroman,jmiller@hotmail.com,!(0Xwn,e0f46e73e329741b2b4ac54bbe29c42b
brandynorton,dchristian@hotmail.com,J+7Aka,22c264e7f88bd4be4e839f88d1945b3c
mcdonaldvalerie,graycassandra@hotmail.com,1$9JtC,213d1e5e347f3620908004cfbfe2c5ca
kristinalove,bhayes@yahoo.com,!j0HNc,b1e5f798462153cb9425ee4fb70a24de
amandataylor,ptorres@gmail.com,&171Ap,15a45f4137fb89fb6a7d75829c936f19
smithvicki,ccollins@gmail.com,_H*1Wk,15009c845febda11d0de2ff0e8baef95
johnsonrobert,allisonweber@yahoo.com,P#6Fcd,ac864fa913297e3e6017346bdaa5a231
wswanson,pecktracie@gmail.com,V)9nUw,5d1892aa0600e6cb00ca82f4af1de64e
wagnerwilliam,sally29@hotmail.com,#4$6Oi,d2fae77a2a8513715c3020f5bd19a458
payneeric,brittney92@yahoo.com,&4BSzq,91703d49e4bc4e6a1b60ef58e00f8cc5
pprince,danielbyrd@hotmail.com,K!9Lv!,30d72176d14aec142971d781cb72c1f1
cameronmanning,clarkdeanna@gmail.com,T&d4Gy,4de86a7be1ff7314fc79deecc5721596
louisaguilar,raymichelle@gmail.com,D$1H2d,5a8a78c6576dba40a812ad75e9759d68
ujames,bryantscott@gmail.com,()4LLv,d60f9cfc8259622d193887f5abac3884
grantnixon,francispatricia@gmail.com,^1Q+xJ,5e10b50f8c9effcdaf2413f724635a1a
lori50,jamesnelson@yahoo.com,_5s5No,cf59f6ee0b1b71418543ecf49c2f00ae
sarahthompson,jason01@yahoo.com,+5A0qt,0721119a0a5deb6390544c880a787cf8
ymosley,jamescrosby@yahoo.com,(U8Ia@,a3849f9b76e217c1a1c2e7366b19606b
david22,ashleybruce@hotmail.com,+v77Hd,4a7a39386903543411cc7fca8f681d90
ryan95,anthonyyoung@gmail.com,@c9LRn,a21d3e66bcf12a99e0d384a57fc41aef
mckenzielawson,wrightanna@gmail.com,&!1DCr,5f5945ffd701d04e6897d8d4eb247383
darrellwatson,daisy42@yahoo.com,@13MgF,a909f7cda0fac0e129fe6144e29f8216
phelpsdana,troywood@hotmail.com,L#N0Ci,4a041b0796f18869378c5340df4c7881
michelle94,samanthacantu@yahoo.com,(8PinY,5982204b01e33b057bc53264a7aaaa23
slewis,daniel10@yahoo.com,4)6MUz,da659ed08e5a64bae5a0577531696433
kgarcia,garzajohn@yahoo.com,k+0nBf,4ab9ce0912561a58238e77f9d374d921
jennahall,kathleen34@hotmail.com,$7fNvO,1e80a61bd57b111d12fd2c58847e641e
petersjill,desireewilson@yahoo.com,+_*3Xq,79d6595a3d51b09f0288127b4c8475c8
millerbradley,zacharyharris@hotmail.com,^9UO2g,6f8012b2268d2472180016eb49e0ffb0
chad47,ukey@hotmail.com,2)5Ov5,a23fef6718fe046c2b9e2bde84fde532
ydaniels,jsmith@gmail.com,#!4Bxx,9e230894ae546a09d7fdd8123c46596b
nsmith,carolynjackson@yahoo.com,$75Suw,9d4ec9414f873305f2433b8fa7a184c6
tracycampos,cindy85@gmail.com,!7PEda,6add4b82157a45f30eccb1e2b03d5629
pwhite,johnsonanthony@gmail.com,*417Mq,1293d2e7775c799a8d0b286c70e89f32
drodriguez,vincentashley@hotmail.com,@32L5p,1187c5167aff754ea2b0489c8eba0d1f
lijordan,eileengreen@yahoo.com,R*3W#i,ea1b5e47af31e59e5d48fc1e52b176ad
michael44,simmonskatherine@gmail.com,a^)8Mh,a39fefd076b616dc06c9fbf6b342695c
john44,mperez@hotmail.com,(1I4Cq,c3bc9993bfb8654fe6433a47bc255d72
robinsonjo,summerpaul@hotmail.com,$7Cpw+,63180509dac735dbee9b901d0c6520db
campbellrita,ritaparker@hotmail.com,!9Ra4I,4b93b660e16d732d776c3aa2b61042c9
stephenvega,jermainediaz@gmail.com,+2M(or,22aab558f1f992a2856f323dadd17bdf
jordanhill,robinsonconnie@hotmail.com,*01ZLv,327e875a7f098a96241e0b3272fc1f58
mariasnyder,garnergina@yahoo.com,#1C(Mk,eae94d0b2ab9931e5d2c31942d98d1f6
chad78,samanthahart@gmail.com,5^8Izq,de409f975f2d5e9aeeaf9ab0943a7f90
tmays,katie76@yahoo.com,)(3(Bl,7f857504fb9a2186df558987045fb967
hallkimberly,csnyder@gmail.com,_7SGkW,c04926b9a1027db739114700fd2bcc34
justinthompson,hfreeman@yahoo.com,A+7Ddg,23469402a411f017c5118195817d918b
leejonathan,carrie45@gmail.com,@7yRyO,77ed2bc042122edefac9e0b4d46a9c22
wprince,jlyons@yahoo.com,)6Cntv,7ebf9b31d1dfc1923efc725d9f27988a
butlermegan,davistyler@gmail.com,!7Cwnb,a63bd1acddafdd7dadb7993cde2dc2ae
gordonjennifer,gloria03@hotmail.com,(0BEj6,198786ffd14f2b0fcf1bc553a8357262
turnerjanice,vaughanandrew@gmail.com,*2YG0j,fe13587e422aef7fbeac8d44261f9d6e
justinmartin,tamaramarquez@gmail.com,_k7Okj,bd2aacea317bdd2d32f9aaad5b9d26ea
taylor07,jasonking@hotmail.com,2R$4Je,fd15279f83ac22b35e613563e41c09a7
jessica35,jeffrey28@hotmail.com,)1zFTv,684ca7b3593cbc4573e8edda20c42736
adamsadam,becky34@yahoo.com,V+5Bzl,fb6448341012f1b369bca49b59f0aab6
josephrogers,brightthomas@gmail.com,J(6iBk,d126dea096f21a2ff259bd9fc49c2610
