766, 416, Share politics support less., 6, 2007-04-01
484, 123, Player relationship focus store., 8, 1986-06-02
892, 989, Up process at catch lawyer., 2, 2001-07-08
566, 979, Public identify action beat., 3, 2005-11-17
316, 926, Manage himself civil majority student commercial wait would., 7, 2010-06-01
478, 491, Anything industry interesting we hotel instead plan., 6, 1996-12-14
876, 423, Culture president pressure above account range information., 5, 1997-04-28
751, 162, Front member sea., 8, 1970-09-18
19, 827, Care foot determine step., 3, 1987-09-10
139, 351, Choice white most simply at., 3, 1974-06-06
360, 253, Health friend campaign anything interview about., 3, 2007-09-27
823, 693, Fish former meeting civil wait., 3, 2015-03-04
387, 219, Age toward father to natural., 1, 1972-03-18
784, 445, Mr single two son goal model under., 10, 2011-01-11
964, 587, Kind think sign may., 9, 2016-04-28
860, 451, Maintain discuss west weight feel rock traditional., 3, 1975-11-10
222, 629, Theory arm natural., 10, 1983-10-20
219, 925, Various very citizen eight total son realize., 8, 1995-08-20
909, 314, Pick operation society rule move because direction., 4, 2009-08-01
291, 595, As customer one along., 8, 2000-11-28
933, 440, Life east hot certainly certain view effect role., 6, 1984-10-08
987, 626, Wall trouble cell very water., 4, 1994-10-04
421, 446, Now require husband., 6, 1976-07-18
186, 279, Recognize town today place line ten., 3, 2010-09-20
62, 404, Clearly then every weight., 4, 2004-10-24
567, 274, Parent experience similar seven medical these., 7, 1985-01-03
162, 288, Action sound age market drop all., 8, 1976-05-04
879, 673, Rise knowledge school friend doctor side., 2, 2017-05-15
105, 900, Perform decision base., 8, 1984-08-24
322, 793, Human within hot tonight major decide anything., 1, 1984-10-26
711, 677, Someone seven analysis remain., 5, 1993-01-09
657, 431, Specific again none role shoulder week., 8, 2001-09-01
316, 306, Medical body technology security cut we., 6, 2009-01-25
665, 13, Together group college air itself stay clearly., 1, 1990-05-23
912, 579, Democrat note research reveal maintain trip practice., 7, 1980-01-03
752, 310, Cold experience service around number case tax., 10, 2005-12-03
458, 369, Form summer method recent effect color than., 1, 1970-09-15
880, 102, Impact top entire decision., 1, 1999-03-28
109, 486, Watch part trial population development., 4, 2015-03-03
637, 531, Quite on civil hard his even., 8, 1990-01-13
291, 419, Space television before probably federal responsibility., 8, 1977-08-17
620, 735, Strategy picture never pick least pass., 10, 2014-06-25
452, 770, Candidate hour bed manager because every color watch., 2, 2001-09-20
224, 985, Arm college floor know rule., 6, 2017-08-22
812, 618, City race leave bill because., 4, 1976-10-16
223, 607, Rock so Republican finish also attorney indeed., 7, 1979-06-20
873, 626, Get box quality or., 4, 1996-08-03
237, 692, Everything travel executive official foot carry note., 8, 2006-07-06
6, 360, Show sell concern account loss south., 3, 2000-10-26
895, 802, Someone operation guy plant., 5, 1976-08-01
954, 603, Maintain case real individual., 1, 1972-04-18
310, 223, Free candidate Mr stage role win able., 3, 1976-12-09
384, 890, Summer turn site particular town Democrat choice., 4, 1982-03-05
61, 408, Time well to vote though good example., 8, 2006-09-16
466, 20, Player authority south today include fine fire., 1, 1998-02-10
75, 254, Stay participant house leader let., 6, 2020-06-12
212, 157, Employee phone across final thing., 2, 1981-12-31
127, 679, Fact side during middle finally., 8, 1993-08-24
402, 435, Glass market measure cell story skill., 1, 1971-10-22
513, 595, Receive significant north civil land activity., 4, 1986-01-19
921, 994, Majority study fine bring buy., 7, 1975-08-19
374, 644, Course stop remember career magazine family he speak., 8, 1994-04-02
704, 854, Rest performance Congress black race., 8, 1999-02-04
883, 114, Wall sell material., 1, 1985-05-18
677, 751, Require upon society., 9, 1982-03-02
743, 208, Hope people charge about deep yard discover., 9, 1979-05-12
582, 894, Also employee wide describe movement., 8, 1970-01-07
317, 840, Popular watch increase fill exactly., 2, 2011-11-30
572, 570, Child entire career., 9, 2009-08-11
985, 929, Worker she drive inside must., 10, 2010-06-26
246, 141, Capital necessary civil all stay agent opportunity which., 1, 2003-01-15
720, 918, Occur bit laugh game remember., 3, 1991-07-04
673, 88, Program church child., 6, 1981-03-07
314, 566, Large magazine change time account., 10, 2006-10-05
772, 566, Pull strategy once become oil provide., 7, 1978-12-30
477, 565, Building billion near win present line fight., 10, 2010-10-26
55, 524, West prepare along former., 7, 2000-05-04
119, 673, Drug production gas southern., 5, 1972-03-23
170, 360, Investment medical although sign attorney establish increase., 10, 1991-01-10
784, 730, Themselves sure specific soon maybe floor wide forward., 10, 1977-03-02
102, 973, Sit she clear quite another., 6, 1978-08-28
181, 477, Least science type sing wife., 7, 1974-04-28
159, 634, Beyond collection direction up., 4, 1983-02-26
986, 489, People far too executive., 10, 1976-06-24
182, 354, Open tonight once surface edge great., 6, 1997-01-13
483, 378, Her result opportunity serious task east song., 9, 2009-05-24
194, 838, Determine task this remain radio., 8, 2005-04-27
6, 25, Change we west lawyer., 6, 1995-06-23
554, 766, Blood month program read full model my., 10, 1982-03-22
394, 157, View region institution my down put yes theory., 7, 1999-10-15
615, 443, Fund hard fire grow., 3, 1971-08-16
622, 535, My poor marriage contain human., 5, 2014-08-01
383, 449, Difficult around traditional activity., 2, 2013-09-07
776, 289, Our radio natural than recent information edge final., 5, 2001-10-15
363, 681, Serious concern he usually sound seven., 4, 1987-10-01
756, 427, Relationship training coach never., 10, 1979-04-11
279, 839, Operation imagine maintain themselves black fill election., 10, 2010-12-28
949, 933, Continue official than interest according democratic., 9, 1994-08-12
257, 751, Address identify half traditional., 3, 2012-06-21
201, 566, Young reveal room do., 7, 1980-07-07
595, 687, Beautiful possible age firm common able., 8, 2017-09-16
816, 650, All western end station., 3, 1994-11-11
846, 779, Plan your ball toward decision., 2, 2003-09-28
882, 819, House police work ready enter radio medical need., 4, 2004-09-02
710, 166, Fly despite theory man mother any he choose., 2, 2010-09-09
506, 777, Require report keep improve meeting which., 10, 1984-04-25
652, 436, Throughout drop current scientist administration., 2, 1975-10-16
513, 343, Area material Mr east., 3, 1986-03-25
21, 465, Heart write anything rich opportunity., 9, 1988-03-20
170, 302, Each choose see appear carry way season ground., 2, 2007-12-17
826, 23, Office dinner leave rest cover group society., 6, 1994-05-02
916, 755, As thus then reduce family., 2, 2014-06-14
628, 274, Drop big source age project continue window perhaps., 7, 1989-09-09
907, 705, Degree fact respond head send leader., 6, 1976-07-13
260, 806, Successful produce heavy range reality while point., 10, 1984-03-14
138, 341, Candidate director investment upon indeed., 3, 1979-07-19
194, 361, Conference rise relate start whose best., 7, 2000-11-21
906, 827, Born effort number add., 2, 1997-07-01
613, 105, Special value street only assume go., 1, 1989-12-09
417, 617, Debate behind strong pick technology decide someone., 1, 2014-10-22
162, 798, Could increase suddenly rest picture glass fund., 1, 1977-06-21
784, 662, Before pattern increase indicate claim., 10, 1973-07-01
470, 828, Different respond environmental like., 9, 2019-04-30
614, 980, Across show knowledge talk military apply tonight them., 10, 1975-04-10
350, 577, Bit play upon realize direction., 3, 2006-09-22
665, 514, Yourself season other technology relate., 8, 2006-09-26
29, 516, Specific difference game just close range truth type., 2, 1977-10-27
982, 533, None street contain small too., 7, 1973-04-18
586, 109, Door should success., 3, 2005-08-05
362, 401, Hundred bed need option account rise get., 8, 2000-07-04
731, 907, So first current., 2, 2005-06-05
706, 455, Attack increase accept well remain ask figure reality., 9, 2008-07-24
109, 508, Various special material science stop., 5, 1998-02-14
165, 725, Sign certain only necessary., 8, 2018-01-30
135, 825, Provide resource military animal possible investment floor., 1, 2003-04-05
665, 910, Summer interest indicate marriage appear edge., 9, 1997-09-05
323, 328, My still result fast., 3, 1987-08-07
632, 993, Us impact how maintain ago., 2, 1993-04-18
610, 594, Remain report fast support since tax stay., 3, 1975-07-22
190, 611, Each truth alone somebody run., 9, 2000-12-31
656, 709, Already require tend available., 7, 1989-08-15
289, 70, Name age factor., 5, 1996-06-13
19, 394, Reduce probably adult., 2, 2016-03-31
941, 543, Sense house when explain., 5, 2000-11-17
79, 216, North trade bar federal red network knowledge., 3, 1985-09-20
507, 980, Education hope reality bar others put., 1, 2005-06-13
691, 32, Training reflect image far voice staff media side., 8, 2015-01-30
343, 754, East how science picture., 8, 2017-11-11
252, 537, Wish rule record maintain develop husband., 7, 2004-09-20
797, 869, Size sport wife yourself run group know., 6, 2003-10-08
846, 943, Enter per opportunity also., 6, 1976-06-15
773, 998, These mouth mission general federal case., 7, 2017-06-05
247, 586, Change present what nor firm assume another well., 2, 2016-02-28
180, 894, Particularly area court., 5, 2011-09-11
995, 387, Back worry begin candidate positive., 3, 2002-10-05
368, 119, Performance range yeah summer seven easy wonder control., 10, 1978-11-30
227, 106, Record a own its our., 1, 1992-08-10
837, 958, Sit beat first around woman treat newspaper plan., 8, 1977-08-07
863, 626, Again high wish individual., 3, 1990-06-13
35, 56, Animal course decade look., 9, 1971-06-06
820, 976, Wind the our down., 5, 1997-05-17
174, 959, Break room wonder piece mention., 8, 1974-01-27
560, 949, Challenge method west leader stand control play., 3, 2005-10-19
705, 787, Statement on role with without these method degree., 1, 1976-06-15
159, 975, Environmental share focus deal., 7, 1993-11-27
926, 789, Response certain policy., 8, 2014-06-09
75, 979, Item office tree indicate boy about someone., 7, 2013-04-30
276, 613, Option bad section later., 3, 2019-03-13
423, 921, Include including line five note together., 5, 2019-10-13
582, 607, Operation name spring sister., 3, 2003-09-17
278, 710, Up government alone blue., 2, 1985-05-05
433, 418, Wait what letter method., 3, 1998-08-10
630, 828, Right store call skin threat matter light., 10, 1988-11-12
960, 112, Rule hard environmental fine federal fear animal., 8, 1970-10-12
14, 415, Take what defense born as well ok., 10, 1975-08-31
309, 502, Movie beat indicate identify fast night yourself., 8, 2008-02-10
232, 204, Rest play part third option parent statement special., 2, 2019-09-17
233, 380, Hotel often morning., 7, 2004-05-15
355, 634, Ever style great growth., 6, 1990-09-28
798, 261, Pressure thousand until actually probably project., 2, 1985-11-12
112, 985, Ready approach main this very over them., 6, 2009-01-20
843, 15, Manage where up leave., 1, 2009-06-23
133, 182, West everyone better care inside., 4, 1972-02-12
959, 621, Performance social happy consumer red imagine hot., 7, 1970-02-03
129, 243, Carry wish scene industry building pass story., 1, 1971-04-28
971, 330, Fire increase dog social film body model., 5, 1972-06-13
95, 382, Three speak level set moment significant., 8, 1991-04-12
543, 510, Care condition property admit eat believe., 4, 1973-07-30
388, 862, Citizen real might question occur me central., 2, 1972-06-28
257, 174, Name mind sister discuss., 9, 2007-02-22
958, 880, Sea pass Mrs audience., 4, 2013-09-24
329, 203, Everything suggest sit none skill., 6, 2011-03-23
348, 958, Pattern election away bad., 4, 1974-03-05
985, 996, True just pattern work answer., 1, 2017-05-08
696, 129, Than officer TV ball know especially., 7, 1978-04-01
482, 998, Hear big eat discuss., 6, 2007-01-01
937, 271, Cold three during its write low., 10, 1985-12-27
170, 97, Section attack their across federal smile., 5, 1995-01-14
101, 953, Traditional enter rest fill., 6, 1995-06-01
287, 223, Tonight guy on technology., 3, 1989-05-07
105, 415, Sea issue technology among maybe sing message., 3, 1982-05-05
20, 216, Represent mouth impact game., 3, 1987-02-13
175, 121, Song determine listen pressure leader., 7, 2010-12-28
597, 679, Size lawyer easy card fine five save., 8, 1990-07-15
593, 369, Feeling lot course myself Mrs her., 6, 1986-04-21
66, 698, Fact deep west politics career go., 2, 1987-02-23
163, 709, Piece against form activity., 4, 1985-09-01
54, 162, You cup mean into fly serious total become., 10, 2014-11-11
827, 782, Eat role activity exactly customer form., 4, 1978-11-21
719, 283, More standard process change once foreign recent., 7, 1997-03-03
230, 385, Dark western hear career push threat., 3, 2002-01-31
783, 789, Marriage child back plan., 5, 1992-09-20
698, 55, Money from dark record part authority forward., 2, 2006-06-12
880, 993, Line join always describe wish gun own action., 8, 2009-12-19
508, 707, Defense score yard outside around police series., 4, 1979-08-07
207, 915, Color later page lay suggest., 6, 2018-01-19
377, 874, Finally eye whatever., 9, 1982-10-29
212, 770, True next couple adult., 9, 2004-10-22
138, 107, Once into our should., 7, 2019-09-11
709, 602, On third list both plant., 4, 2001-09-11
839, 635, Board give arrive yes skin., 9, 1980-02-10
136, 201, We leg yard culture line professor., 10, 1972-05-26
790, 163, Deal economic compare religious front example fund., 8, 1981-03-08
912, 609, System control too may., 2, 1984-09-06
312, 700, Especially thousand computer community truth process enter., 1, 2008-12-07
973, 793, World oil board go condition., 1, 1974-02-10
524, 468, Nor cause animal cup risk study how., 10, 1997-07-02
742, 402, Interest maybe country suggest also senior than benefit., 4, 1999-12-31
359, 785, Threat child hotel nice., 3, 2001-10-07
912, 418, Let officer long occur strategy., 7, 1971-07-07
227, 732, Common answer ready have whether evidence., 2, 2011-05-25
164, 184, Positive need notice machine she order., 6, 1996-08-31
284, 741, Ready project begin can yard., 3, 2007-01-15
138, 681, Final society possible management turn ground main., 8, 2001-07-23
921, 315, Site develop position whom sport., 3, 1985-11-28
594, 283, Source without into continue book., 3, 2014-05-24
530, 515, Type heavy tough cultural ahead success break., 10, 1985-12-02
582, 236, Lose natural fight long friend., 1, 1970-01-09
196, 105, Out mind majority seem., 8, 2017-01-19
238, 306, Prove meeting choice next should statement raise., 7, 1998-10-17
763, 515, Entire pick follow important., 4, 2008-08-30
94, 695, Republican lawyer lot they with billion group., 7, 2003-02-23
877, 543, Nothing performance among., 8, 2014-07-20
291, 456, Image blood father speech., 5, 2018-11-21
83, 600, Reality about add later coach., 10, 1975-10-23
924, 918, Manage policy already method., 7, 2014-02-16
487, 964, Individual interesting pick various college middle., 5, 2003-11-08
755, 15, All hot kid minute political usually., 1, 1972-11-10
993, 495, Order see religious which watch talk product., 2, 2010-03-25
709, 578, At few concern these., 3, 1984-12-07
698, 956, Idea fill five., 9, 1988-09-14
295, 323, Music expert could region bring., 6, 2008-08-01
510, 5, Step source employee production board view., 10, 1996-03-12
228, 585, Mouth lawyer single minute administration its., 5, 1988-08-03
916, 650, Enjoy thing far personal walk deep lay., 9, 1986-12-24
365, 611, Imagine interview cause., 9, 2015-04-25
191, 634, Player base last article thought answer., 4, 1971-01-13
232, 208, Deep power true security skill., 3, 2012-03-23
39, 614, Television Mr knowledge science product., 3, 1991-02-17
19, 805, Along bill marriage name., 9, 1992-04-13
385, 23, Approach too hospital., 4, 2013-12-06
736, 820, Protect structure media detail those prove education change., 1, 1975-12-15
353, 862, Cut reduce find new writer suffer., 3, 1983-11-03
56, 264, But view spring author compare medical professor., 1, 2005-12-04
556, 510, Reach food stuff some true I., 10, 1979-10-15
2, 405, Claim father every foot community ready try fund., 8, 2017-11-02
731, 531, Get good management decide near bit choose boy., 10, 1999-10-18
427, 945, Action require different thank always kind election one., 9, 1979-12-10
770, 547, Dream think enter ground., 5, 1987-03-26
962, 237, Control up would dinner throughout century start., 10, 1991-04-17
807, 390, Yourself population a available score international people create., 2, 1994-05-06
89, 582, Trouble really draw exactly raise old., 8, 1989-11-16
12, 258, Prepare debate day site Mr prepare growth., 3, 2011-04-23
697, 661, Happy especially top until drug., 5, 1984-07-26
228, 940, Program positive bank science eye deal., 1, 2010-05-10
700, 716, Magazine bill cup your financial hair., 6, 2010-05-27
540, 297, Decade shake other agreement care grow agreement., 4, 2014-03-19
704, 76, Science total war institution door., 3, 1990-12-22
721, 671, News fly operation sure color little listen., 6, 1971-03-23
413, 450, Number Mr must fine., 9, 1998-07-14
646, 990, Prove rather cell style., 9, 1988-04-15
381, 321, Player prove attack structure education suddenly exactly., 9, 2018-11-17
690, 248, Attention difficult road show pull star., 7, 1989-09-05
475, 27, Return between network., 7, 2002-09-24
109, 23, Share establish audience treatment from guy., 3, 1981-08-24
623, 785, Call finally one everyone establish language enough., 6, 1972-03-06
723, 839, Magazine whose leave yeah face., 1, 2011-12-15
171, 761, Job court necessary people toward., 4, 2006-08-20
590, 192, Never specific item energy knowledge sure media., 7, 1979-06-11
858, 643, Eight student example get provide contain red., 10, 1987-12-26
695, 453, Partner himself their hear remain development., 6, 1972-12-24
883, 225, Woman shoulder amount from., 5, 2018-06-18
360, 648, Present within institution training notice., 6, 1980-06-25
113, 455, Begin heart area discuss my., 9, 1995-01-25
912, 167, Watch may what physical quality need it., 2, 1990-10-22
912, 782, Economic long day example similar model., 10, 1988-10-18
943, 268, Budget ask red improve performance last light past., 4, 1992-06-22
167, 783, Child bad region audience start., 1, 2003-05-13
492, 910, Break I new newspaper of., 7, 1988-03-23
488, 183, Few admit trip they so majority book., 2, 2005-03-09
221, 716, Job whom bad any., 10, 2005-11-01
775, 751, Yeah drop kitchen daughter receive., 1, 1975-06-07
386, 329, Base them among money by member., 1, 2006-07-08
828, 180, Population rich report since lawyer herself charge., 2, 2006-11-22
45, 595, Enter seek area institution scientist bit matter street., 4, 1974-11-09
552, 238, Kid deal nor enjoy., 9, 1988-12-24
661, 166, Nearly start lawyer behind forget daughter beautiful., 7, 2009-10-26
127, 158, Imagine agent walk series audience., 7, 2002-01-07
822, 184, Quality senior event school nor wish., 10, 1970-10-09
810, 378, End suggest interview memory huge., 6, 2016-01-08
606, 158, All lawyer common deep., 3, 1989-05-07
776, 912, Win represent age., 10, 1993-03-30
396, 973, Fact bag want., 4, 2017-05-27
814, 851, Current include put., 6, 2016-08-09
118, 293, Along once now already., 8, 1971-12-30
921, 916, Here describe fund significant town., 3, 1992-10-22
855, 276, Meeting evening week image sense., 1, 1995-10-18
48, 131, Go car team approach., 1, 2018-10-08
931, 238, Save first water., 4, 1993-11-03
830, 586, Executive every entire sometimes apply officer memory attorney., 10, 1982-02-24
955, 644, House radio ground agreement learn best., 7, 1992-04-18
901, 480, Truth expert response near television doctor hand family., 2, 2007-04-02
122, 84, Bill role address continue soldier., 9, 1981-04-17
537, 997, Year oil seem yard beat need energy., 9, 2008-05-03
930, 204, Receive style bill its gun see individual prepare., 7, 1979-02-26
470, 245, Away brother seem live daughter smile inside., 7, 1985-03-12
422, 718, Memory student return., 2, 1994-09-20
426, 93, Instead clear involve reason no., 3, 1985-10-22
505, 643, Art ever if serve high television., 9, 1995-04-03
291, 437, Section give hit hot people through., 7, 2016-02-20
141, 174, Through name own artist., 1, 1973-04-29
761, 471, Trade may movie., 7, 1996-08-07
365, 186, Cause color might everything treatment book., 1, 1973-05-15
15, 743, Production industry age sing use site alone., 6, 1987-01-11
643, 415, Age hotel class member message., 3, 1986-01-10
659, 264, I girl white cause., 6, 1989-01-25
271, 841, Reduce drive wait similar during risk make., 1, 2018-05-22
472, 199, Range you only again not responsibility hit., 2, 1971-11-21
924, 288, Also news join cup service stand probably., 5, 1972-10-20
764, 229, Everyone section firm wide., 1, 2020-02-17
389, 314, Between someone increase hot by green on., 6, 1985-04-22
706, 336, Agency face gas give doctor lot., 10, 1994-08-27
887, 591, Approach our lead officer life amount past., 3, 1990-11-21
466, 581, Particularly word man represent another shoulder., 8, 2003-02-26
660, 507, Have traditional candidate take cut indeed., 7, 1993-06-17
833, 321, Everyone build onto home beautiful system., 8, 1990-11-17
886, 920, Worker themselves head civil question process., 4, 1972-06-06
796, 529, Economic improve audience road single source., 5, 1988-12-19
310, 171, Tree when parent person natural economy., 10, 1994-08-04
924, 829, For good green often improve., 10, 1994-10-30
376, 239, Owner should dinner begin five., 4, 1975-11-14
432, 112, Very paper a., 4, 2019-11-13
673, 347, Look similar shoulder behavior guess leave., 6, 2010-11-26
224, 132, Answer town method possible environment on., 10, 1987-08-21
757, 949, Also economic science quickly now lose enough., 2, 1991-02-16
189, 920, Property tough cell stop., 10, 2020-07-18
618, 618, Establish know onto factor write nor better., 4, 1989-07-25
642, 26, Development order as., 4, 2016-04-12
560, 918, Detail including raise war., 6, 1998-05-21
684, 80, Start see big name conference agreement., 7, 1997-10-25
702, 917, Wind say seek case need personal while., 8, 1974-07-02
407, 186, Player if offer individual unit sure various., 9, 1972-07-15
441, 50, Radio by finish defense morning door., 2, 1986-10-11
784, 176, Right I inside foot can down and., 7, 2019-11-11
789, 753, Voice writer professor dream head discussion black., 4, 1997-02-05
238, 79, Hospital street join position common Congress side., 6, 1997-10-31
133, 688, And hear down draw TV., 10, 2011-07-04
23, 669, Example season among fire., 6, 2019-08-13
327, 199, Film lose full they mention attack world., 1, 1973-07-26
676, 142, Big worry true bag whom., 5, 1978-09-23
20, 763, About hit hear visit agree responsibility population., 3, 2015-11-28
970, 282, Class next police fact., 4, 2007-10-04
34, 51, Ten note guy amount room read stuff., 6, 1978-02-10
426, 131, Stuff maybe unit allow in., 10, 1983-06-05
279, 115, Reflect material call interesting., 6, 1983-01-29
128, 182, Congress onto training common as become discover., 2, 1997-06-01
15, 538, Father anything spend include., 7, 2011-06-04
968, 638, This onto few., 4, 2004-07-12
220, 473, Majority rich eight avoid kitchen instead avoid ok., 9, 2002-05-18
54, 227, Name lay leg heart development that finally., 1, 1985-11-05
377, 482, West develop part factor win., 1, 1982-02-07
782, 158, Yeah price result., 1, 1971-02-17
250, 762, Character Congress his that., 8, 2017-05-10
35, 477, Size pick wait plant picture scene., 6, 1970-12-05
847, 721, Everyone school exactly., 3, 1992-03-09
328, 673, Decision matter and this imagine every., 8, 2015-07-29
561, 350, Yes fast after believe without., 9, 1976-06-14
568, 919, Summer interesting work capital., 7, 2002-01-21
295, 362, Music attention collection word off war citizen visit., 6, 1975-04-18
305, 897, Every throw college land., 1, 1979-04-18
157, 287, Professor rich school rich., 4, 2016-11-19
14, 985, All score fire large result., 7, 1996-05-09
944, 287, Them music option example., 1, 1999-05-27
22, 940, End prepare center trouble of pass., 8, 2004-10-13
776, 838, Thing easy because research partner., 8, 1975-02-19
778, 451, Surface remember tough ball system., 5, 1993-06-17
81, 301, Other nearly learn leg go board movie., 5, 1974-02-08
504, 921, Together parent response reality both read report., 3, 1981-11-07
880, 832, Paper onto less push its., 2, 1990-12-02
786, 921, Black research music start professor resource., 1, 1976-03-24
849, 199, Total government buy office., 1, 1976-10-19
724, 954, Seven education industry never staff your community follow., 5, 2002-03-22
758, 37, Pm during lay special try., 9, 1984-10-30
743, 837, Scientist large sport., 1, 2020-08-19
5, 239, Fire western determine option reason moment., 9, 1996-12-12
294, 314, Real director while society work thought some., 8, 1982-02-16
314, 731, Friend very pay than specific star., 4, 2020-05-04
161, 70, Style language discuss family better light father., 10, 1971-06-18
496, 599, Leave stock system send almost., 2, 2018-12-09
229, 583, Foreign debate professional medical democratic claim., 10, 1977-02-27
985, 307, Hold record assume road until take., 7, 1994-05-30
655, 872, Part along expect science., 1, 2019-09-05
287, 476, War drug I become rise movie., 3, 1988-03-21
132, 253, Above quite ground decade., 3, 1989-10-31
430, 592, Director hospital perhaps voice., 10, 2007-02-01
52, 454, Top story game., 6, 1976-02-20
58, 941, Thing experience drive growth., 8, 1997-01-06
543, 427, Charge necessary sit difficult actually west travel., 8, 2008-06-13
539, 321, Face test animal wrong person forward street., 2, 2014-11-20
656, 489, If but return bad mother., 5, 1998-05-03
589, 780, Surface game line., 10, 1977-11-12
45, 945, Available wish finish agency likely majority., 3, 1977-01-30
15, 445, Collection reveal soon however., 4, 1983-11-28
544, 918, Rich authority current animal fund chair., 3, 1976-02-08
635, 523, So everything heart attorney only south trade prevent., 6, 1988-01-05
381, 895, Performance sing spend., 6, 2007-06-01
771, 513, His with bill three watch ability., 5, 2019-04-07
176, 825, Mention material day perhaps., 5, 2008-10-25
205, 301, Step party and energy., 1, 1983-01-10
798, 384, Push our leg., 3, 1970-12-21
698, 217, But whatever hold culture care money add., 3, 2004-08-30
461, 226, Third reach letter sport., 5, 2016-03-27
823, 933, Important bank story national middle support drug throughout., 2, 1994-02-05
632, 541, Wrong part right., 4, 1993-10-03
266, 761, Bar wide mention according lose exist., 10, 1975-06-13
846, 60, Share write support young man identify field., 2, 2010-07-17
714, 857, Mother hair hear yeah., 6, 1972-09-03
138, 870, Entire issue high happen., 3, 1998-05-03
606, 892, Our drop first bad., 1, 2001-10-24
82, 34, Eight serve under in not almost., 3, 2003-10-07
252, 702, Term score not authority while., 1, 2014-12-27
776, 840, Relate finally couple fill back., 5, 2005-03-15
526, 776, Wonder wife wall low school cause., 9, 1999-07-17
305, 102, Heavy know together personal authority town yeah., 8, 1991-07-24
951, 571, Fly discussion hundred sit or notice., 1, 2019-09-25
370, 761, State likely during himself article hear., 4, 2018-07-04
37, 855, Goal finish father crime., 8, 2006-03-22
692, 686, Similar nation really century., 1, 1987-05-21
827, 304, Shake their later everyone goal., 3, 2002-05-26
961, 298, Perform something report mind song doctor., 6, 2017-09-08
290, 639, Strategy member discover top increase PM house., 9, 2005-01-28
46, 585, Amount peace capital charge., 8, 1986-05-19
196, 485, Either between power suddenly., 2, 2010-02-08
20, 827, Serious system radio although behind., 10, 2000-11-01
502, 476, Dark world spend story., 2, 2000-07-12
209, 133, Dog view improve political particular., 1, 1971-01-16
193, 208, Church dog before suffer type., 2, 1971-03-11
529, 366, Main smile cause computer young another institution., 7, 2005-03-01
256, 227, Certain appear doctor sport consider., 10, 2008-07-12
911, 94, Not vote when long very before positive., 7, 1987-04-13
360, 767, Somebody house fine our., 4, 1979-12-06
955, 957, Decision just director sing., 4, 1992-11-01
802, 45, Research chair send management name pick., 5, 1986-01-11
276, 208, Clearly control face stuff lot rather., 8, 1977-06-16
356, 819, Light concern movie interview include real current stand., 9, 2020-09-12
11, 762, Mrs likely able range end half., 5, 1979-02-18
917, 866, Cost police season you car space team., 8, 1993-05-21
372, 921, Draw watch experience start participant traditional physical., 2, 1971-08-29
366, 577, Attorney worry Democrat support difficult., 10, 1993-10-21
166, 638, Together smile man face., 4, 1998-01-08
39, 256, Tv sister that option pressure have administration them., 3, 1980-04-05
539, 814, Plan interest score brother offer produce five., 2, 1997-11-05
88, 502, Himself his wind analysis seem executive., 4, 2002-11-08
249, 254, Left kind animal year marriage., 2, 2008-11-16
161, 492, Production meet later contain some draw smile effect., 6, 1980-03-02
906, 998, Issue method southern be., 4, 2018-05-31
231, 262, Production firm answer paper nature company., 2, 1999-02-18
261, 22, Time her like since discuss computer., 8, 2001-02-19
722, 988, Main action attorney oil another a model., 3, 1986-03-23
4, 462, Nor senior common past represent either write., 7, 1976-07-27
672, 145, Consumer start later then call picture., 10, 2014-10-19
310, 22, Woman song subject policy test land., 8, 2006-03-04
821, 625, Right key base minute., 7, 1974-07-18
249, 2, Their recently toward., 5, 1991-10-24
128, 352, Move letter out along everyone., 10, 1971-07-04
951, 636, Doctor and during own., 4, 2007-02-15
408, 737, Present fire popular level., 5, 1977-02-05
261, 699, Defense with later arrive., 10, 1974-12-01
487, 725, Admit much act season quite woman view effect., 3, 1973-08-24
503, 889, Whether dog good mean machine yes., 2, 1988-06-19
784, 308, Health true difficult of focus hot president., 3, 1978-11-13
431, 527, Pretty move speak where former., 1, 1975-10-17
171, 30, Operation hear hot begin culture., 1, 2005-01-13
381, 19, Environmental station threat item., 10, 1973-04-04
290, 282, Stuff find final hotel join fly., 7, 1986-08-12
854, 881, Result quickly home hour suffer watch relationship., 5, 1987-06-30
717, 671, Face somebody street add., 10, 1981-06-29
53, 578, Community condition arm major building ready official., 8, 2013-09-22
694, 520, Job name beautiful doctor phone consumer., 7, 1997-02-10
382, 650, Now suffer economic., 6, 1985-08-09
124, 351, Hear stop author especially follow when worker paper., 10, 1983-01-10
707, 187, By speak that when really., 2, 1984-09-04
235, 151, Quickly grow whether before smile nature mission., 5, 1984-06-15
759, 704, Around surface assume., 1, 2015-10-05
312, 494, Consider dark democratic paper can movement director., 4, 1982-07-16
130, 218, Soon choice mission service open office effect to., 3, 2008-05-17
743, 395, Watch message hit short do appear surface senior., 6, 2018-08-06
583, 748, So expect student stuff., 10, 1999-08-11
228, 171, Remain question explain citizen huge improve., 2, 2011-08-11
738, 166, Different position whose yeah no ahead late strong., 8, 1977-12-16
100, 647, Daughter ago to onto., 7, 2019-02-04
708, 998, Set fund give he management., 8, 1985-01-17
913, 791, Pick born safe., 9, 1987-04-27
480, 392, The get use risk benefit describe outside., 6, 1987-09-02
173, 447, Worker whatever study under out., 5, 1973-06-26
392, 370, Eye wind phone general culture between serve agent., 2, 1990-10-29
3, 826, Year maintain economy quite dog training., 5, 2012-07-03
87, 251, Benefit where institution either., 1, 1975-12-07
931, 272, Spring whatever mother be since., 9, 1993-12-24
147, 17, Speak some fine anyone government dark interview American., 8, 2003-06-17
938, 338, Manager trade long great suffer., 2, 1992-06-01
519, 569, Body system Mrs from., 6, 1975-01-18
348, 551, Politics nice trial season force., 2, 2000-03-03
193, 575, Edge seek hand performance., 4, 1971-07-22
372, 189, Cause line deal return., 7, 1995-12-09
501, 490, Around million land assume activity argue way., 10, 1991-03-03
882, 991, Cause not but source true., 10, 1989-09-05
578, 420, Message large one draw hit use., 7, 1978-07-26
114, 159, Weight often budget rule., 3, 1992-06-17
703, 924, Senior culture above listen option., 7, 1988-04-29
387, 765, Sing system full., 10, 2017-01-31
274, 741, Leader rest moment account beautiful father voice body., 3, 2019-03-30
496, 146, Clear measure order green recognize real hold., 7, 1995-01-28
736, 367, Kid find nor point., 4, 2013-04-05
423, 408, Either against board offer indicate reason my almost., 8, 1983-10-31
425, 587, I increase everyone give., 9, 2011-03-15
472, 485, Development garden collection prepare guess report., 9, 2002-06-28
662, 302, Inside education imagine., 10, 1979-06-13
746, 991, Hold research cold similar., 10, 1974-06-15
370, 726, Pressure relationship girl happy., 8, 1996-12-16
543, 888, Change card a list., 8, 2014-04-13
734, 166, Whose second home mother miss., 4, 1980-08-03
705, 682, Least base policy save., 3, 1995-07-08
219, 523, Staff at pretty source thus., 1, 2016-08-16
183, 417, Down enough evidence., 8, 1994-02-25
599, 58, Five seven tough., 2, 1978-08-17
359, 338, Bring note town manage until any., 10, 2010-05-14
833, 608, Station degree near., 1, 2017-07-17
972, 795, Available trial guess top position their region particular., 1, 2015-11-15
731, 733, Range talk which section., 1, 2004-04-14
815, 657, Happy skin garden pretty high benefit between., 5, 1993-07-24
997, 618, Source effect record major interest culture place., 9, 2018-06-04
125, 317, Think education major mean find use want Republican., 1, 2004-04-25
923, 311, Thing right after give often station use., 10, 1988-10-06
35, 154, Hard girl low responsibility cost likely glass necessary., 6, 2017-05-16
85, 859, Imagine move dark thought these term teach., 9, 1999-05-04
419, 751, Put tend race plan source use., 5, 2002-09-04
937, 91, Say deep give couple best early., 1, 1993-01-29
63, 412, All someone fly., 2, 1978-09-19
24, 139, Network rock she sit network thank., 2, 1970-06-13
894, 139, Finish western student security never position least., 8, 1989-06-07
601, 648, Four score skin prepare impact., 2, 1977-07-02
516, 315, Drop result per federal information then director live., 6, 2015-09-12
258, 22, Wear size avoid place., 2, 2000-03-14
302, 898, Consider cultural property peace lot agent speak fly., 2, 1991-03-29
992, 691, Return with whether five range., 3, 1996-01-18
634, 966, Above send attention computer space others., 9, 1991-09-03
315, 342, Political speech easy type group over., 6, 1990-02-27
856, 426, According management physical discuss student politics., 2, 2009-03-06
795, 969, Yes subject reflect firm administration vote., 2, 1971-09-13
391, 101, Determine table herself more world deal base., 3, 1979-03-23
451, 363, Kind care wait reality say., 6, 1975-06-22
129, 301, Growth exactly bad cultural close month appear., 6, 1985-12-29
55, 104, Indeed blood rich positive born east., 10, 1976-06-05
968, 209, Door environment car risk., 4, 2019-01-14
55, 44, Congress top other tonight organization., 3, 2002-09-30
174, 957, This moment interesting., 1, 1993-11-26
335, 784, Campaign including join lose continue go cup least., 8, 2001-01-27
423, 401, Might win station remain car., 9, 1988-11-13
685, 901, Himself bag notice long yet talk right commercial., 8, 2012-06-20
293, 74, Art stage have station., 2, 1974-07-12
295, 834, Million officer eight either raise window understand., 2, 1970-09-17
353, 117, Doctor stop time like guy wish sit., 8, 1987-05-16
487, 207, Glass necessary beat thus floor green head., 5, 2008-02-02
891, 761, Teach decide with analysis alone step finish police., 10, 1994-09-05
214, 344, Rate decision house scene country resource., 1, 2014-05-29
232, 383, Figure me skin worry marriage boy gun., 5, 1978-05-23
823, 862, Avoid must care image dark sense I section., 5, 2001-10-27
390, 378, No past may administration thus story., 7, 1971-11-28
194, 522, Simple support growth Democrat able agency material., 1, 2009-12-03
1, 670, Year late stay., 1, 1995-07-21
637, 160, Audience save society kid bag., 4, 1971-11-08
316, 738, Fly high trouble option., 6, 1971-05-26
20, 539, Make including land public discover wonder reduce., 8, 1985-02-02
834, 346, Policy turn administration., 7, 1983-01-04
146, 581, Part catch decade once marriage care., 5, 1972-09-07
441, 399, Fill then participant deep how bar institution., 7, 1987-01-14
818, 328, Forget stay strong beyond., 2, 2010-07-23
775, 453, Positive again man skin how very., 5, 1999-03-17
28, 103, Others subject area in design., 2, 1994-04-11
812, 302, Physical community scene head leg., 1, 1994-05-02
467, 847, Interest business off stop interesting deep watch scene., 1, 2003-03-08
277, 550, Early reason news measure require seat., 10, 1999-09-20
39, 756, Probably apply drive goal section., 9, 2003-11-22
276, 588, Indeed suffer better hour claim administration., 1, 1970-08-11
481, 896, Suggest see teacher research., 3, 1974-12-04
845, 495, Possible increase fill., 10, 1977-03-16
490, 962, Ten receive commercial follow., 7, 1976-05-06
976, 770, Southern responsibility conference citizen land impact thank., 3, 2017-08-15
865, 547, Same process series., 10, 1976-06-12
751, 196, Right table story still., 3, 2000-06-21
861, 940, Central anything land and., 6, 2004-11-01
100, 201, Own look recent note practice edge., 6, 2019-04-13
597, 180, Available quality one indicate identify have., 2, 1976-09-22
524, 411, Night you sound center., 4, 1995-09-25
173, 470, Score picture according allow resource environmental above., 2, 1982-06-27
90, 773, Though check travel government into no., 4, 1989-10-08
636, 142, Term whether lead pattern buy begin., 6, 2017-02-12
444, 806, Experience act leg play., 5, 1971-06-21
285, 921, Ever enjoy office son., 9, 1970-12-30
706, 714, Design able operation throughout budget seven cut., 7, 1974-12-25
756, 632, Claim per marriage recognize type who scientist., 9, 2008-04-26
605, 865, Partner peace decade young if seem strong not., 3, 1971-01-21
320, 772, Popular mouth scene color view already., 6, 2000-12-21
208, 202, Allow beat conference., 2, 2002-08-20
498, 510, Standard you now official machine nearly wind., 10, 1973-04-06
428, 387, Success course enjoy recent grow., 8, 1994-10-31
99, 897, Increase just daughter yard do by., 1, 1974-08-05
804, 560, Treatment I cold color and like across., 8, 1970-01-31
473, 90, Family imagine its employee mission yourself., 5, 1973-10-20
728, 326, Appear participant party accept call spring common., 5, 1989-11-15
377, 535, List term policy ok natural up increase., 4, 1993-07-24
107, 153, Weight skill that rise., 3, 1971-03-29
104, 365, Throw free main really., 3, 1998-01-08
692, 263, Weight whose foreign else law eat., 7, 1989-04-16
998, 134, After brother seat up program chance color., 8, 1983-03-04
740, 557, Fine away green not million carry., 3, 2007-01-16
851, 819, Expert management information black stock., 3, 2005-12-13
607, 867, Administration suffer experience serious than generation., 7, 2001-05-13
414, 524, Walk theory thing dinner begin something billion., 2, 1984-10-19
696, 779, Letter rise ground open news clearly character., 3, 2014-03-21
787, 632, Age go apply by among space., 4, 2003-07-21
117, 474, Billion similar loss to worker east it production., 9, 2015-07-16
955, 985, Simply church teacher if also., 2, 1972-12-27
518, 114, Amount team among sing former democratic official., 2, 1970-12-26
943, 153, Usually knowledge now might us term., 5, 2008-02-02
572, 739, Report beyond form gas hand., 8, 2011-03-23
456, 885, Small cost effort box we., 4, 1988-04-30
432, 319, Poor upon trip top as much., 2, 1973-11-24
377, 487, Of than new., 4, 1971-05-19
761, 973, Save strategy someone thing security debate., 3, 2004-06-06
950, 595, Answer service hot., 8, 1970-07-07
308, 573, Still after meet less not total., 6, 2009-08-27
786, 875, Detail spring realize., 8, 1981-01-20
801, 618, Image claim door., 10, 1973-06-03
423, 487, Position cut gun capital politics., 4, 1981-08-19
77, 142, Believe start usually watch despite., 5, 2017-11-04
114, 350, Such moment movie option real table., 5, 1974-02-09
589, 381, Cost center foot less., 6, 1998-11-25
37, 818, Road east section couple tell enter natural improve., 4, 1977-08-24
595, 596, Art environmental into game., 4, 1977-06-11
726, 297, Laugh throughout dark fly economy., 8, 1995-05-19
9, 529, Air market hotel trial guy., 6, 2014-05-21
418, 46, Stock rule detail three reduce., 1, 1995-07-13
514, 221, Never strategy throughout identify help., 4, 1987-01-20
575, 208, Just something major statement drop., 8, 2013-12-30
118, 881, Peace together design save., 7, 1986-09-17
876, 402, Toward front both oil able., 9, 1981-05-07
686, 143, Possible whose one wide where international course., 1, 2001-11-04
662, 617, Nor thought issue act., 10, 1985-09-17
944, 373, Another become civil capital., 9, 2007-08-08
352, 785, Actually without try choice whole sit suffer whether., 1, 1996-05-12
9, 536, Look design song night red brother., 3, 1993-03-07
548, 754, Into your million by author plant idea., 2, 1998-06-14
231, 868, General hair too sit play statement long., 7, 1999-06-30
346, 808, Then receive physical owner road., 4, 2007-01-15
13, 218, Defense analysis mean join nearly., 2, 1974-05-05
820, 717, Investment win arrive song personal center might blue., 1, 1973-02-13
273, 133, Provide we forward film sound., 3, 1976-02-07
874, 658, Measure speech expect which., 2, 1979-09-23
431, 590, Place five leave order hundred., 3, 1997-08-10
698, 398, Although start way in sign issue., 2, 2013-06-09
307, 930, Late with ask art particular onto whether., 3, 1999-07-28
215, 590, Wind day describe similar where available., 9, 1987-11-28
532, 807, Trade on market happen top blood., 9, 2001-12-25
90, 817, Tend him wrong dinner kitchen public left north., 4, 2005-04-06
518, 868, Cover floor my pressure., 5, 1995-10-12
358, 186, Weight area popular do try often lose., 2, 1978-11-21
466, 832, Product practice southern main with., 6, 1977-12-16
600, 962, Stop past exactly., 2, 2005-11-14
904, 446, Pick term main., 9, 2004-04-16
721, 927, Sound else describe charge strategy., 6, 1976-01-16
18, 56, Because another language billion., 7, 1991-12-11
95, 464, Large almost card stage space address., 9, 1974-11-06
263, 208, Through pass suddenly personal where hospital nation., 1, 2006-05-19
768, 89, Very senior issue whatever rest moment., 1, 2016-11-12
956, 885, Car present throw yourself that without front., 10, 2002-12-02
565, 444, Strategy run service wrong man., 1, 1982-07-29
466, 682, Include break amount before store head., 8, 1996-08-09
304, 47, Policy benefit reduce result., 6, 2008-09-20
731, 195, Action name public go reason your reality million., 5, 1981-12-06
956, 127, Interest mouth man break., 9, 1989-06-17
692, 209, Happy degree president a do account moment material., 1, 1998-12-17
624, 767, Western approach care ability it toward., 7, 1983-07-15
349, 526, Thousand themselves approach foot., 6, 2019-12-22
741, 23, Fill around value mention., 6, 1986-10-23
387, 628, Thank know beyond concern account industry because., 6, 2012-03-30
553, 964, Far resource however attorney also production., 10, 2015-04-07
435, 612, Pass read character green determine leg., 8, 1991-05-17
721, 927, Answer many tell set., 5, 1970-08-11
485, 111, Their myself really involve few summer keep., 1, 1973-01-23
877, 574, As usually by trouble rate., 3, 2004-06-26
204, 943, His political game husband not then., 8, 1983-02-07
903, 421, Hear help structure style focus realize., 5, 2003-02-18
39, 970, Standard eat challenge able energy probably., 8, 2006-08-26
476, 510, Pass PM able garden of., 5, 1983-09-01
305, 363, Assume relationship start expert future., 1, 1998-08-05
117, 761, Least what parent just already leg., 6, 1981-08-16
103, 851, Candidate trip smile defense., 10, 1990-03-13
532, 674, Free special around., 2, 1997-03-13
66, 973, Cultural sister staff hand quickly., 7, 2008-05-26
630, 721, Art reflect writer central hotel dinner., 10, 1995-01-14
263, 945, Owner peace forward find., 7, 1991-04-29
389, 393, Tax eight per set value., 3, 2005-10-04
235, 533, Thousand media identify between blood some better international., 10, 1983-06-21
994, 810, Administration partner happen affect bring look activity., 9, 1999-04-16
945, 398, How trial plan owner., 1, 2000-06-25
792, 241, Candidate right want join point building., 1, 1994-06-07
244, 243, Behind student pay scene., 5, 1996-12-12
534, 176, Nothing senior society., 8, 2004-07-26
71, 917, Agent provide season movie perhaps his car., 2, 1979-04-20
192, 812, Mission listen resource relationship prepare produce., 5, 2009-03-13
541, 16, Ask national positive apply share yeah., 5, 1996-11-18
907, 703, Through method local hear subject science admit., 1, 1975-04-22
780, 567, South drug itself hand shake., 2, 1994-07-30
109, 267, Executive space national treat., 9, 2016-09-01
136, 155, Reveal head he range., 2, 2003-01-11
408, 241, Religious product spring physical thing Mr., 2, 1979-08-07
339, 298, Practice take child what choice challenge., 1, 1987-07-29
485, 735, Reason investment forget mission get save board., 7, 1983-12-16
272, 515, Look involve boy fear your election deep., 7, 2004-06-30
37, 219, Social technology only it will appear clear history., 7, 1996-03-16
392, 175, Ground we family keep bed who sport., 2, 1984-07-10
993, 674, Speak you cell artist size risk whose., 1, 1999-04-18
369, 934, Hair head suggest would., 6, 2009-08-30
274, 439, Fall probably model seek outside risk., 8, 2017-05-10
953, 622, Mrs store any young., 10, 1977-11-14
620, 43, Then report inside difference., 6, 2004-04-06
540, 150, Dog really sport group., 2, 1975-11-15
64, 295, Which behavior almost doctor believe., 5, 2007-11-20
87, 198, More watch fly conference it., 7, 1980-04-23
515, 324, Them politics move region unit visit place., 2, 2013-07-13
105, 231, Less culture be take discussion point itself., 2, 2006-01-08
912, 454, Deal factor low score wide., 9, 1970-03-31
420, 285, Add agency relationship large., 9, 1989-06-29
964, 490, Its energy contain within mission clear., 5, 2011-10-05
565, 585, Bag reason suggest decide billion particular., 3, 1996-01-06
198, 292, May north debate turn structure get., 9, 1992-02-06
851, 277, College night ever which treat such., 7, 1981-04-06
375, 499, Sister company lay could wish different team., 3, 2013-07-11
885, 329, White per institution dinner ten majority., 2, 1992-11-16
226, 386, Trouble window with bit up more., 7, 2012-02-20
688, 221, Especially art western out dream grow kitchen., 3, 2012-08-10
4, 610, Always expect require with., 10, 2010-03-16
451, 171, Contain product project project newspaper little., 7, 1971-02-02
456, 143, Return own success whom management white., 2, 1985-07-15
335, 729, Enter whatever happen your camera., 6, 1997-04-19
723, 273, Look might cell miss among group especially., 10, 1989-07-05
827, 30, Moment more kitchen size during charge., 8, 1970-01-31
285, 841, There pay possible usually available whether., 6, 2000-07-05
490, 178, Best room quite just never., 7, 1973-03-23
465, 149, Face dark paper mouth decision situation kitchen world., 6, 1974-02-18
286, 823, Model teacher think as main writer Republican., 2, 2003-05-24
206, 688, Hard view drug note budget bar., 1, 1998-02-14
13, 85, Specific stop future technology., 6, 1971-05-13
623, 292, Affect job people fine., 3, 1984-04-28
599, 123, Simple information hair figure., 4, 2006-11-15
678, 92, Teach wait director should everybody side., 4, 1974-03-10
906, 182, Such thing section develop not., 4, 2006-04-14
582, 963, Executive improve key each soldier short wonder official., 1, 1995-07-21
589, 928, Space social believe feel so culture blood join., 8, 1972-07-19
910, 515, Station ever which parent television., 9, 1979-06-25
747, 465, Four professor just ago hotel office push something., 10, 1992-05-27
80, 69, Against participant administration Democrat., 2, 2017-01-15
887, 101, Commercial offer option project section., 9, 2011-05-07
696, 956, Push gun source than yet education expert., 9, 2009-01-22
886, 367, Recent claim north now human institution., 10, 2009-12-07
798, 202, Half step walk party., 8, 1992-02-12
629, 977, Just great father relate school usually inside., 8, 1999-03-22
943, 296, It story ask population happy business hand similar., 4, 2020-08-06
937, 894, Together glass court oil., 3, 2014-05-24
954, 928, In push how., 1, 1974-08-18
426, 851, Her fall feeling article., 3, 1994-03-21
784, 494, Prepare law chance require many., 3, 2019-08-19
287, 787, Tax rule total record shoulder., 10, 2010-02-10
453, 525, Right capital near discussion sell., 5, 2016-10-17
190, 755, Travel not speech., 5, 2011-03-31
791, 679, Maybe difficult author I experience light population., 6, 1985-05-23
748, 377, News bank any before., 6, 2003-07-06
204, 727, Social product necessary apply economic., 1, 1986-09-19
383, 64, North house life itself tend recognize face., 4, 2005-02-25
295, 829, Describe full can., 8, 2011-10-03
645, 72, Health imagine live beat store., 7, 1984-07-17
601, 887, Create place close building finally., 10, 2003-11-12
126, 901, Have will sing accept able economic raise., 8, 1987-01-18
222, 566, Set nature majority year news., 3, 1999-09-15
395, 209, War PM dog small impact., 2, 2018-06-18
405, 403, Benefit lay human year movie none show., 3, 2003-08-13
721, 646, Sure resource look say special money than., 2, 2017-10-18
65, 416, Foot agree peace relate be., 3, 2005-05-11
698, 38, Few never state matter plan part., 7, 1996-06-18
773, 224, Think scientist crime continue brother., 5, 2004-12-31
668, 694, Want situation his cover oil upon by., 7, 1997-06-05
430, 729, Four store chance season., 7, 2016-08-12
842, 910, How chance hand keep water how large third., 5, 1973-04-17
576, 995, Parent foreign yard person take also., 3, 1989-01-23
484, 542, Leg decision well., 9, 1995-03-10
676, 302, Over allow amount Congress social surface., 7, 2015-04-11
907, 59, Be walk growth story collection necessary., 3, 1980-04-01
413, 713, There other site one., 9, 1979-07-03
172, 14, Worker responsibility give others value., 5, 1974-03-25
710, 871, Fall main doctor modern population role difficult., 8, 2007-11-25
634, 436, Mouth prevent since appear., 5, 2008-02-19
83, 779, Cut director ready product., 7, 1970-12-05
651, 287, Everyone once population rich it consider its., 3, 1976-11-07
803, 74, Maybe book professor past military imagine., 8, 2005-01-06
252, 230, Unit dog in appear general opportunity card song., 4, 1981-05-20
798, 49, Number physical line., 6, 1979-01-15
993, 273, Deep while stop stop herself low., 6, 2001-10-01
29, 604, Bill authority per reduce security factor treat talk., 2, 1977-05-29
45, 251, Player another pressure change no than oil., 7, 1975-09-10
785, 38, Throughout create including too any shoulder news., 5, 1991-03-14
990, 328, Down sit I scene several bit., 4, 2005-10-02
449, 27, Size any see the however best sit., 4, 1986-04-14
437, 184, Production fund total understand development people when., 7, 2005-10-09
607, 336, Cell several many authority cell you., 3, 1994-05-08
640, 592, Trial industry baby rest., 5, 1974-09-16
185, 530, Plant tough key serve two research., 10, 2019-05-13
803, 986, Mrs note hand yet dog., 10, 1982-09-17
313, 449, Great deal nothing never need commercial bed., 8, 1983-02-02
171, 702, Reveal memory wait., 6, 1974-03-04
538, 474, Law event born social., 8, 1982-10-05
980, 766, Wall society someone city., 2, 1994-06-01
703, 4, Center physical natural case decade ability., 5, 1999-04-20
200, 587, Free on year see produce idea., 7, 1986-01-24
24, 718, Onto degree old land other., 3, 1992-11-20
101, 859, Job song story she even., 1, 2017-06-02
830, 199, Thing anything play action life anyone., 5, 2010-06-08
344, 206, Listen a population eye discussion., 9, 1990-01-20
681, 776, Yeah week left film., 1, 1981-06-16
353, 979, Kitchen of business likely owner., 8, 2018-06-27
632, 916, Apply court wish into., 4, 1993-10-05
520, 403, Course others easy key., 4, 2016-04-06
669, 456, Across state catch., 5, 1982-11-26
286, 20, Low white myself mouth end., 3, 1994-04-03
933, 356, Car start wait outside save with story policy., 6, 1976-10-05
98, 828, Partner break to book owner in building., 2, 1979-01-18
708, 554, Point run mother oil that., 1, 2001-07-29
44, 286, Model become subject material., 8, 1997-07-24
368, 135, Skin seven world sign phone them single., 10, 1991-06-02
638, 860, Example education community authority your whether off., 3, 2018-12-13
368, 162, Keep dark your never., 4, 2007-03-19
404, 859, Against customer collection billion inside every try., 10, 1978-07-07
182, 71, Get receive this., 8, 2003-05-26
490, 178, Pass open success else resource Republican focus., 3, 2006-04-19
959, 207, With eight better doctor live., 9, 2006-02-22
361, 5, Camera although goal any north., 6, 2015-05-18
118, 580, Tv really interest inside adult community another., 10, 1998-07-01
409, 771, Understand than age floor community., 7, 2009-07-11
900, 536, Hundred city seat take far., 1, 1972-08-04
946, 582, Discussion so our raise perform., 8, 2007-05-06
717, 973, Well trial keep report., 1, 2007-10-15
642, 180, Mission drive nearly bill program., 10, 2004-07-19
626, 111, Clear draw already today., 7, 1978-01-11
225, 146, Issue forward quickly if meeting turn commercial measure., 9, 2015-01-28
198, 630, Technology moment ask data entire rest indeed., 5, 1979-11-15
754, 800, From participant return sure stand guess., 7, 2002-04-30
170, 831, That officer door still., 3, 2000-03-30
985, 895, Become media great type east firm treatment., 5, 2011-06-29
88, 980, Simple thought then., 9, 1984-03-24
337, 793, Government approach air relationship civil poor mouth., 10, 1972-06-14
861, 111, Star whom cover wall thing., 5, 2000-02-12
978, 351, Matter fast much., 2, 1999-11-08
262, 320, Once local keep., 4, 1976-08-14
474, 956, Stay blood daughter., 6, 2016-04-07
719, 242, Whom method often speech crime writer., 2, 1971-11-12
18, 722, Others deep paper difference involve become., 2, 2004-05-16
758, 673, Place continue talk yourself find stand difficult., 6, 2001-06-22
795, 530, Mention art to student fly single enough., 9, 2002-07-18
549, 50, Response purpose I career., 1, 2010-10-19
336, 251, Nice break me available to., 8, 2011-09-21
977, 192, Leader democratic write trade travel thing draw result., 3, 2003-12-30
250, 533, Be author laugh race decision who discussion lay., 3, 1991-03-29
720, 270, Left security degree., 1, 2017-12-30
339, 3, Gas leader class focus including before event., 6, 2016-04-27
265, 624, Budget security everybody assume maybe apply traditional., 10, 2017-05-23
721, 622, Evening threat write stop., 9, 2001-02-07
506, 800, Little network health., 6, 1985-07-16
899, 868, Keep have then admit you vote stage., 6, 1978-12-01
756, 551, Speech there building., 8, 1979-05-06
30, 531, Car education believe front political fear line personal., 6, 2000-12-31
498, 261, True man peace help effect choice good far., 9, 2002-07-09
937, 549, Create official whatever agent., 10, 2015-10-24
460, 714, Lawyer Republican break owner., 7, 2017-09-13
410, 750, Hotel red travel policy campaign woman., 6, 1997-03-30
938, 790, Enough create commercial more., 1, 2019-06-30
71, 12, Short gas across worry career check day., 4, 1996-07-21
684, 108, Pressure poor news road lose state game., 9, 1974-03-30
214, 642, Street I matter star., 8, 2008-06-13
863, 866, Evidence represent hair least happen represent., 6, 1976-11-18
197, 679, Interesting across however space professional several give., 3, 1984-01-03
811, 219, Parent view think east never against animal., 6, 2005-12-08
334, 110, List different real with carry off., 7, 2015-03-30
557, 593, Shoulder onto cell democratic store., 7, 2001-11-05
825, 580, Hotel friend look catch agent expect audience., 9, 2002-02-26
780, 683, Entire gas group often., 1, 1994-08-13
464, 409, Government similar avoid technology his., 8, 1990-09-16
937, 533, People act myself we least reach., 2, 1993-11-16
113, 875, Accept answer theory side we fly animal seven., 6, 1992-04-20
318, 275, Development stand we minute leader., 6, 2019-10-25
161, 843, Nation left smile carry day., 5, 2004-12-12
102, 72, Start get pretty doctor its support result detail., 1, 2005-10-16
787, 697, Interesting happen think other heart health keep., 8, 2007-06-17
149, 789, Lawyer first approach authority eight., 6, 1992-06-16
870, 329, Energy help bit people responsibility evidence moment., 6, 2003-07-07
915, 216, Training if everything alone what tend hear., 9, 2008-08-01
8, 862, Similar room home military walk., 4, 2018-03-01
205, 693, Himself range series simply its strategy share sit., 2, 2009-05-29
916, 63, Perhaps real executive court establish., 4, 1984-08-18
45, 394, Control old set perform more., 9, 1997-03-06
427, 331, Want story which word., 3, 1993-05-04
638, 356, Kid street goal., 2, 1975-04-14
300, 572, Face you law bank write finish adult., 10, 2019-03-29
190, 700, Specific wonder sport newspaper surface another., 2, 1989-01-07
85, 333, Through type popular right interesting still successful., 7, 1987-04-04
535, 483, Republican street have interview short authority fast., 5, 2015-04-16
940, 494, Suggest I soon once build need., 9, 2014-03-31
507, 969, New left break attention model., 4, 2015-09-20
586, 971, Space usually special business participant program., 7, 1992-11-04
194, 976, Store off only really., 5, 2012-08-31
662, 114, Process since including effort alone why., 4, 2004-10-11
95, 464, Mr happy worker whole food., 4, 2019-11-04
765, 804, Car system series but drug kitchen., 1, 2019-09-19
357, 65, Nothing bill week people., 4, 1996-03-31
486, 675, Health plant rule stock religious bring score., 10, 1991-04-09
856, 342, Deal three over kid gas., 1, 2001-09-08
524, 163, Third responsibility right song., 5, 1987-12-16
809, 332, Message throughout crime end discuss statement., 4, 1974-01-07
275, 491, Health product check something fall., 6, 2009-02-08
50, 118, Personal may wrong., 1, 1990-04-13
132, 808, Put level beautiful news., 10, 1984-10-05
663, 165, Away create family treat., 1, 1991-06-02
711, 523, Condition interview change loss describe., 10, 1988-11-22
761, 293, Purpose few candidate wonder wife peace might., 7, 1978-07-26
819, 594, Central rest box together happen collection member., 7, 1974-03-21
559, 111, Feeling person piece others yourself case., 10, 1973-06-13
230, 429, Investment treatment manager time step., 10, 2003-01-01
491, 376, Item Congress long language word., 2, 2013-12-29
576, 273, Ball because join rest specific article agreement., 2, 1976-05-04
514, 806, Keep difference method television particular seem product., 1, 1981-11-03
935, 396, Son specific doctor send prevent box., 2, 1998-05-06
647, 392, Wear color long generation bed serious., 5, 2015-12-21
608, 890, Them church before newspaper end local own deep., 3, 2020-02-15
277, 480, Mission though concern policy they sort my., 4, 2014-04-02
301, 122, Chance exactly camera evening guess traditional firm., 2, 2018-05-17
425, 449, Manage seem magazine Mrs house., 3, 1983-04-02
833, 174, Bank hand election value present., 6, 1994-12-06
603, 235, Approach nice cut behavior hour ago., 4, 2002-06-26
373, 262, Source magazine sell shake happy., 4, 1974-07-05
850, 477, Thank media major drive know picture., 5, 1973-05-13
825, 819, Feel sell writer black son hand child., 4, 2015-01-28
818, 697, Today democratic point investment war check sell key., 2, 2011-02-05
694, 921, Thus bring consider policy., 7, 2003-09-03
592, 589, Condition foreign another young pick there far., 4, 1996-12-01
429, 889, Ago your professional paper apply sit., 5, 1997-05-19
620, 194, Child outside allow center., 5, 2016-03-16
753, 159, Clear top officer medical debate art., 4, 1989-06-03
733, 507, Fish maintain possible into., 3, 1999-01-26
259, 140, Garden partner most bad foot car station she., 2, 1975-10-31
637, 853, Gun not eye cold marriage instead Mrs bit., 5, 2016-06-25
421, 861, Performance set scientist real., 7, 1983-07-01
963, 175, National forward threat evidence., 2, 1975-06-30
299, 266, Lawyer democratic benefit bank relate when., 4, 2012-04-21
954, 153, Same whole relationship give top miss similar across., 3, 2003-03-27
745, 828, Six nature speak run., 2, 1985-02-14
170, 689, Three pressure project name son base., 7, 1986-10-27
70, 834, Water drug reflect necessary population field side sing., 6, 1971-07-01
39, 153, Participant across door hope how ok., 7, 1993-08-21
374, 41, Significant play buy reason., 10, 2002-12-07
545, 631, Read question walk as., 2, 1980-11-19
731, 344, American star feel within during simple land traditional., 4, 2020-09-25
369, 6, Two base perform thus., 9, 1992-10-05
354, 65, Those this walk music involve whatever response cost., 5, 1996-02-03
865, 246, Owner expect response blue we., 8, 1971-11-17
419, 388, Writer tonight hot decade worry sense fast., 5, 1987-11-29
108, 452, Perform stuff the beat focus., 7, 1973-03-01
436, 558, Happy sport sign improve water., 10, 1973-07-16
793, 39, Bad another decide education assume process prepare., 6, 2017-12-11
385, 738, Attorney back begin now., 3, 2019-12-05
622, 652, Human act discuss movie buy interview worry., 2, 1984-11-02
